0,51,471,0
0,51,919,0
0,49,983,0
0,46,1057,0
0,45,1130,0
0,45,1226,0
0,64,795,0
0,49,1218,0
0,43,1534,0
0,43,894,0
0,48,867,0
0,54,948,0
0,74,843,0
0,55,865,0
0,45,1804,0
0,46,1160,0
0,57,929,0
0,50,980,0
0,56,814,0
0,48,1057,0
0,59,536,0
0,40,1224,0
0,56,647,0
0,33,2163,0
0,45,1075,0
0,55,744,0
0,47,1163,0
0,44,1243,0
0,33,2014,0
0,52,806,0
0,63,514,0
0,71,448,0
0,54,582,0
0,56,754,0
0,50,1098,0
0,48,1006,0
0,74,843,0
0,53,794,0
0,56,659,0
0,43,1037,0
0,47,804,0
0,41,1448,0
0,40,1732,0
0,51,730,0
0,46,1534,0
0,61,425,0
0,53,734,0
0,52,826,0
0,66,482,0
0,51,984,0
0,51,859,0
0,50,1079,0
0,55,1022,0
0,64,332,0
0,45,638,0
0,66,728,0
0,58,322,0
0,54,1033,0
0,53,692,0
0,42,1447,0
0,69,464,0
0,58,576,0
0,53,607,0
0,48,1128,0
0,50,1101,0
0,72,190,0
0,55,899,0
0,71,448,0
0,57,933,0
0,59,536,0
0,47,1163,0
0,52,1103,0
0,49,1122,0
0,50,718,0
0,59,536,0
0,58,322,0
0,74,337,0
0,52,610,0
0,54,587,0
0,69,467,0
0,46,1096,0
0,62,479,0
0,64,648,0
0,48,716,0
0,61,595,0
0,43,1534,0
0,53,728,0
0,56,405,0
0,52,829,0
0,43,1422,0
0,62,694,0
0,48,932,0
0,58,768,0
0,49,1078,0
0,49,996,0
0,42,1177,0
0,50,799,0
0,39,1734,0
0,60,487,0
0,73,369,0
0,58,322,0
0,61,593,0
0,52,1016,0
0,66,441,0
0,49,1128,0
0,59,536,0
0,68,224,0
0,51,471,0
0,58,322,0
0,60,617,0
0,53,986,0
0,54,864,0
0,66,280,0
0,59,557,0
0,49,1370,0
0,54,864,0
0,50,791,0
0,58,322,0
0,58,567,0
0,44,1428,0
0,60,388,0
0,68,224,0
0,68,355,0
0,50,665,0
0,60,503,0
0,45,1097,0
0,63,334,0
0,40,1545,0
0,71,448,0
0,61,700,0
0,43,1534,0
0,66,569,0
0,43,1400,0
0,62,357,0
0,47,1412,0
0,62,378,0
0,60,436,0
0,49,516,0
0,61,584,0
0,67,473,0
0,51,471,0
0,71,217,0
0,61,498,0
0,51,580,0
0,64,477,0
0,62,310,0
0,51,471,0
0,53,734,0
0,49,908,0
0,53,862,0
0,68,224,0
0,64,332,0
0,59,575,0
0,59,536,0
0,67,295,0
0,48,867,0
0,55,320,0
0,65,314,0
0,51,471,0
0,52,688,0
0,68,224,0
0,68,224,0
0,58,598,0
0,58,626,0
0,45,1456,0
0,68,224,0
0,61,396,0
0,50,589,0
0,49,765,0
0,50,698,0
0,61,448,0
0,48,836,0
0,49,866,0
0,68,224,0
0,50,782,0
0,50,791,0
0,60,588,0
0,53,814,0
0,62,617,0
0,54,943,0
0,67,234,0
0,61,383,0
0,72,202,0
0,58,468,0
0,61,366,0
0,57,451,0
0,51,807,0
0,67,354,0
0,52,688,0
0,64,332,0
0,53,691,0
0,58,346,0
0,57,487,0
0,69,217,0
0,50,608,0
0,72,190,0
0,68,224,0
0,70,217,0
0,68,224,0
0,59,366,0
0,64,488,0
0,65,481,0
0,64,412,0
0,68,224,0
0,68,224,0
0,60,703,0
0,70,217,0
0,72,202,0
0,69,224,0
0,62,344,0
0,72,190,0
0,72,190,0
0,72,190,0
0,68,224,0
0,73,171,0
0,68,224,0
0,70,224,0
0,68,224,0
0,68,224,0
0,70,217,0
0,68,236,0
0,72,190,0
0,68,224,0
0,69,217,0
0,70,211,0
0,72,190,0
0,0,0,0
0,72,190,0
0,68,224,0
0,74,171,0
0,72,190,0
0,68,224,0
0,72,190,0
0,69,217,0
0,68,224,0
0,72,190,0
0,53,837,0
0,73,169,0
0,70,184,0
0,74,171,0
0,72,190,0
0,69,210,0
0,68,224,0
0,74,171,0
0,72,190,0
0,71,212,0
0,69,224,0
0,68,224,0
0,74,145,0
0,72,190,0
0,72,224,0
0,71,148,0
0,69,224,0
0,69,224,0
0,69,195,0
0,72,190,0
0,68,224,0
0,72,190,0
0,51,750,0
0,74,145,0
0,74,188,0
0,69,224,0
0,75,124,0
0,72,190,0
0,72,190,0
0,72,190,0
0,74,171,0
0,70,224,0
0,74,171,0
0,75,124,0
0,71,148,0
0,71,170,0
0,69,195,0
0,73,174,0
0,72,190,0
0,68,447,0
0,73,174,0
0,73,174,0
0,68,224,0
0,73,174,0
0,72,190,0
0,73,148,0
0,73,169,0
0,69,211,0
0,71,148,0
0,74,171,0
0,74,171,0
0,68,224,0
0,68,224,0
0,75,162,0
0,69,195,0
0,62,641,0
0,72,142,0
0,74,171,0
0,70,184,0
0,72,190,0
0,71,200,0
0,74,149,0
0,72,170,0
0,75,124,0
0,72,142,0
0,71,170,0
0,74,171,0
0,69,227,0
0,73,174,0
0,73,182,0
0,68,376,0
0,68,224,0
0,74,145,0
0,68,224,0
0,69,210,0
0,68,224,0
0,73,174,0
0,69,195,0
0,75,124,0
0,73,174,0
0,68,224,0
0,69,210,0
0,68,224,0
0,75,133,0
0,71,163,0
0,69,222,0
0,72,190,0
0,74,145,0
0,74,153,0
0,68,224,0
0,71,148,0
0,75,142,0
0,70,224,0
0,72,142,0
0,70,184,0
0,69,210,0
0,68,224,0
0,76,127,0
0,71,148,0
0,76,145,0
0,71,215,0
0,75,124,0
0,71,148,0
0,74,145,0
0,77,122,0
0,72,190,0
0,70,184,0
0,75,164,0
0,75,124,0
0,73,169,0
0,70,181,0
0,72,190,0
0,77,115,0
0,77,122,0
0,72,160,0
0,74,162,0
0,75,123,0
0,68,224,0
0,77,122,0
0,74,177,0
0,70,181,0
0,75,124,0
0,72,190,0
0,77,122,0
0,73,146,0
0,69,210,0
0,68,224,0
0,78,122,0
0,71,181,0
0,71,207,0
0,77,115,0
0,75,124,0
0,75,144,0
0,72,178,0
0,76,124,0
0,77,123,0
0,74,156,0
0,69,210,0
0,75,124,0
0,69,210,0
0,68,224,0
0,77,111,0
0,77,122,0
0,75,144,0
0,71,207,0
0,69,224,0
0,76,122,0
0,77,122,0
0,76,124,0
0,77,115,0
0,73,174,0
0,77,124,0
0,75,145,0
0,76,124,0
0,77,122,0
0,76,124,0
0,72,178,0
0,75,144,0
0,74,142,0
0,69,210,0
0,82,109,0
0,75,124,0
0,68,224,0
0,76,124,0
0,77,123,0
0,76,139,0
0,77,113,0
0,76,122,0
0,76,139,0
0,76,122,0
0,74,145,0
0,69,210,0
0,75,123,0
0,76,121,0
0,78,123,0
0,76,124,0
0,75,164,0
0,81,111,0
0,77,122,0
0,75,124,0
0,76,124,0
0,78,118,0
0,73,160,0
0,77,115,0
0,77,115,0
0,76,124,0
0,77,122,0
0,73,174,0
0,80,118,0
0,76,164,0
0,72,180,0
0,81,79,0
0,76,118,0
0,76,122,0
0,77,152,0
0,78,117,0
0,77,115,0
0,69,210,0
0,77,111,0
0,77,117,0
0,77,115,0
0,76,157,0
0,77,111,0
0,78,113,0
0,81,79,0
0,79,92,0
0,81,116,0
0,74,144,0
0,77,113,0
0,81,79,0
0,82,130,0
0,78,53,0
0,76,116,0
0,81,79,0
0,77,123,0
0,76,144,0
0,78,87,0
0,77,94,0
0,80,53,0
0,77,53,0
0,75,145,0
0,78,108,0
0,77,115,0
0,75,144,0
0,82,128,0
0,77,53,0
0,78,96,0
0,78,118,0
0,78,53,0
0,74,136,0
0,79,105,0
0,77,144,0
0,79,92,0
0,72,202,0
0,71,206,0
0,80,98,0
0,77,83,0
0,69,138,0
0,78,108,0
0,75,168,0
0,73,174,0
0,79,53,0
0,73,101,0
0,78,47,0
0,81,79,0
0,77,83,0
0,82,109,0
0,81,115,0
0,81,130,0
0,72,202,0
0,81,77,0
0,80,50,0
0,78,47,0
0,81,69,0
0,81,79,0
0,78,121,0
0,72,112,0
0,74,157,0
0,78,47,0
0,77,53,0
0,80,115,0
0,77,143,0
0,83,79,0
0,81,47,0
0,69,217,0
0,79,77,0
0,78,47,0
0,81,79,0
0,75,161,0
0,79,53,0
0,79,53,0
0,78,87,0
0,80,118,0
0,78,53,0
0,81,79,0
0,78,47,0
0,78,47,0
0,78,53,0
0,75,161,0
0,81,53,0
0,84,12,0
0,77,116,0
0,77,83,0
0,78,53,0
0,77,115,0
0,83,128,0
0,70,138,0
0,78,47,0
0,84,61,0
0,72,190,0
0,79,47,0
0,78,53,0
0,77,79,0
0,85,78,0
0,79,105,0
0,82,111,0
0,82,84,0
0,78,53,0
0,77,53,0
0,78,87,0
0,73,184,0
0,81,14,0
0,74,95,0
0,81,47,0
0,79,47,0
0,82,48,0
0,83,102,0
0,69,210,0
0,68,224,0
0,78,53,0
0,76,143,0
0,79,47,0
0,69,210,0
0,75,141,0
0,80,81,0
0,83,78,0
0,81,14,0
0,82,14,0
0,82,25,0
0,78,47,0
0,78,53,0
0,79,92,0
0,80,14,0
0,80,46,0
0,78,47,0
0,84,90,0
0,81,76,0
0,76,130,0
0,72,190,0
0,78,47,0
0,82,100,0
0,78,120,0
0,74,101,0
0,82,74,0
0,72,112,0
0,81,47,0
0,73,112,0
0,77,94,0
0,85,9,0
0,68,224,0
0,82,14,0
0,78,47,0
0,77,94,0
0,78,47,0
0,79,47,0
0,79,47,0
0,82,14,0
0,81,11,0
0,83,11,0
0,81,14,0
0,78,53,0
0,78,53,0
0,72,112,0
0,76,130,0
0,81,11,0
0,76,130,0
0,81,14,0
0,83,20,0
0,78,26,0
0,87,6,0
0,73,168,0
0,85,9,0
0,90,9,0
0,81,11,0
0,72,112,0
0,74,144,0
0,79,130,0
0,86,6,0
0,84,14,0
0,88,6,0
0,81,22,0
0,84,11,0
0,86,6,0
0,71,119,0
0,74,84,0
0,81,11,0
0,81,11,0
0,75,151,0
0,86,6,0
0,87,6,0
0,81,11,0
0,81,14,0
0,78,53,0
0,73,112,0
0,75,138,0
0,87,6,0
0,81,14,0
0,86,6,0
0,0,0,0
0,83,10,0
0,86,11,0
0,81,20,0
0,76,179,0
0,83,11,0
0,74,95,0
0,83,5,0
0,86,6,0
0,86,6,0
0,86,9,0
0,80,14,0
0,81,14,0
0,84,6,0
0,71,224,0
0,82,11,0
0,81,11,0
0,87,6,0
0,77,127,0
0,83,5,0
0,86,6,0
0,81,11,0
0,81,11,0
0,81,11,0
0,80,14,0
0,81,14,0
0,72,112,0
0,82,46,0
0,82,20,0
0,78,57,0
0,84,6,0
0,88,6,0
0,86,6,0
0,81,47,0
0,86,6,0
0,83,5,0
0,86,6,0
0,83,8,0
0,81,11,0
0,85,11,0
0,83,11,0
0,85,14,0
0,77,127,0
0,82,11,0
0,86,6,0
0,81,11,0
0,81,11,0
0,82,5,0
0,82,10,0
0,84,6,0
0,86,6,0
0,81,11,0
0,81,11,0
0,82,11,0
0,75,77,0
0,82,11,0
0,87,6,0
0,86,6,0
0,83,6,0
0,84,6,0
0,81,11,0
0,81,11,0
0,87,6,0
0,83,5,0
0,83,6,0
0,82,5,0
0,86,6,0
0,81,11,0
0,82,11,0
0,84,11,0
0,73,60,0
0,83,11,0
0,82,11,0
0,83,6,0
0,83,8,0
0,82,11,0
0,75,138,0
0,85,6,0
0,86,6,0
0,82,5,0
0,86,6,0
0,82,5,0
0,81,11,0
0,78,121,0
0,72,112,0
0,81,11,0
0,81,11,0
0,82,5,0
0,80,42,0
0,85,5,0
0,84,5,0
0,81,11,0
0,84,5,0
0,81,20,0
0,82,5,0
0,82,5,0
0,83,5,0
0,81,11,0
0,81,47,0
0,84,4,0
0,84,5,0
0,81,47,0
0,83,5,0
0,82,5,0
0,83,5,0
0,82,8,0
0,86,4,0
0,82,5,0
0,82,8,0
0,81,47,0
0,83,5,0
0,83,5,0
0,84,5,0
0,84,4,0
0,84,4,0
0,82,5,0
0,81,33,0
0,82,47,0
0,85,5,0
0,82,17,0
0,82,5,0
0,85,4,0
0,84,4,0
0,83,11,0
0,81,11,0
0,82,5,0
0,83,4,0
0,82,5,0
0,81,11,0
0,86,4,0
0,83,4,0
0,86,6,0
0,85,4,0
0,82,5,0
0,83,14,0
0,84,4,0
0,83,11,0
0,83,5,0
0,83,5,0
0,82,5,0
0,82,5,0
0,87,6,0
0,81,11,0
0,83,40,0
0,85,4,0
0,82,10,0
0,81,47,0
0,84,4,0
0,85,8,0
0,89,1,0
0,86,4,0
0,86,4,0
0,83,4,0
0,83,4,0
0,88,1,0
0,84,5,0
0,83,40,0
0,86,4,0
0,81,47,0
0,83,7,0
0,83,47,0
0,83,5,0
0,83,4,0
0,83,5,0
0,83,4,0
0,89,0,0
0,84,4,0
0,88,1,0
0,85,4,0
0,83,4,0
0,84,4,0
0,87,4,0
0,86,6,0
0,84,4,0
0,87,6,0
0,84,4,0
0,88,1,0
0,84,4,0
0,84,4,0
0,83,4,0
0,87,6,0
0,84,4,0
0,86,1,0
0,84,4,0
0,0,0,0
0,84,4,0
0,85,4,0
0,84,4,0
0,89,0,0
0,88,1,0
0,84,10,0
0,81,47,0
0,88,1,0
0,84,4,0
0,90,0,0
0,83,4,0
0,84,6,0
0,85,4,0
0,86,6,0
0,89,0,0
0,87,0,0
0,86,1,0
0,84,4,0
0,89,2,0
0,87,6,0
0,84,4,0
0,84,4,0
0,84,6,0
0,82,5,0
0,84,4,0
0,86,4,0
0,90,0,0
0,85,1,0
0,84,4,0
0,85,4,0
0,88,4,0
0,86,5,0
0,89,6,0
0,87,0,0
0,88,1,0
0,86,1,0
0,85,4,0
0,87,0,0
0,86,4,0
0,86,4,0
0,86,4,0
0,87,0,0
0,87,0,0
0,85,4,0
0,85,4,0
0,88,5,0
0,87,6,0
0,81,47,0
0,91,0,0
0,87,1,0
0,89,0,0
0,87,0,0
0,89,0,0
0,87,0,0
0,88,1,0
0,87,3,0
0,89,0,0
0,89,0,0
0,86,6,0
0,86,6,0
0,86,6,0
0,89,0,0
0,90,0,0
0,89,0,0
0,86,0,0
0,87,0,0
0,84,5,0
0,87,6,0
0,86,6,0
0,88,0,0
0,87,5,0
0,86,0,0
0,85,4,0
0,86,6,0
0,86,6,0
0,86,6,0
0,89,0,0
0,88,6,0
0,89,0,0
0,87,0,0
0,89,0,0
0,0,0,0
0,86,6,0
0,86,6,0
0,87,0,0
0,89,0,0
0,89,0,0
0,86,0,0
0,86,0,0
0,86,6,0
0,87,6,0
0,87,0,0
0,87,0,0
0,88,0,0
0,86,0,0
0,85,4,0
0,86,0,0
0,89,0,0
0,87,4,0
0,86,6,0
0,89,0,0
0,86,0,0
0,86,0,0
0,86,0,0
0,86,6,0
0,86,6,0
0,86,6,0
0,86,0,0
0,86,0,0
0,89,0,0
0,86,0,0
0,85,6,0
0,87,0,0
0,87,6,0
0,86,0,0
0,0,0,0
0,86,0,0
0,89,0,0
0,87,0,0
0,87,0,0
0,86,0,0
0,86,0,0
0,88,0,0
0,88,6,0
0,88,0,0
0,86,0,0
0,86,6,0
0,86,6,0
0,86,0,0
0,86,0,0
0,87,0,0
0,86,6,0
0,86,0,0
0,86,0,0
0,89,0,0
0,87,0,0
0,87,0,0
0,87,0,0
0,87,0,0
0,86,0,0
0,88,0,0
0,87,0,0
0,86,0,0
0,88,0,0
0,86,0,0
0,86,0,0
0,86,6,0
0,86,0,0
0,86,6,0
0,86,0,0
0,87,0,0
0,87,6,0
0,87,0,0
0,87,0,0
0,86,6,0
0,87,0,0
0,86,6,0
0,89,0,0
0,86,0,0
0,87,0,0
0,0,0,0
0,86,0,0
0,86,0,0
0,86,0,0
0,0,0,0
0,87,0,0
0,87,0,0
0,86,0,0
0,86,0,0
0,86,0,0
0,0,0,0
0,86,0,0
0,87,0,0
0,86,0,0
0,87,0,0
0,86,0,0
0,87,0,0
0,86,0,0
0,0,0,0
0,86,0,0
0,87,0,0
0,86,0,0
0,86,0,0
0,86,0,0
0,86,0,0
0,86,0,0
0,87,0,0
0,86,0,0
0,86,0,0
0,87,0,0
0,87,0,0
0,86,0,0
0,0,0,0
0,87,0,0
0,87,0,0
0,86,0,0
0,88,0,0
0,86,0,0
0,87,0,0
0,86,0,0
0,86,0,0
0,88,0,0
0,86,0,0
0,86,0,1
1,50,1091,0
1,51,846,0
1,51,1258,0
1,51,1241,0
1,51,796,0
1,51,782,0
1,51,1270,0
1,51,974,0
1,51,847,0
1,51,913,0
1,51,1393,0
1,51,843,0
1,51,520,0
1,51,1113,0
1,51,1262,0
1,51,1134,0
1,51,914,0
1,51,1062,0
1,51,835,0
1,51,895,0
1,51,862,0
1,51,960,0
1,51,1546,0
1,51,777,0
1,51,891,0
1,51,1089,0
1,51,932,0
1,51,695,0
1,51,1037,0
1,51,1098,0
1,51,917,0
1,51,733,0
1,51,1113,0
1,51,759,0
1,51,967,0
1,51,786,0
1,51,1013,0
1,51,580,0
1,51,720,0
1,51,768,0
1,51,1039,0
1,51,1128,0
1,51,1294,0
1,51,1267,0
1,51,981,0
1,51,727,0
1,51,883,0
1,51,643,0
1,51,794,0
1,51,1027,0
1,51,1583,0
1,51,899,0
1,51,853,0
1,51,1374,0
1,51,1160,0
1,51,1049,0
1,51,1288,0
1,51,1018,0
1,51,993,0
1,51,764,0
1,51,807,0
1,51,1000,0
1,51,1141,0
1,51,807,0
1,51,962,0
1,51,1005,0
1,51,1289,0
1,51,918,0
1,51,1084,0
1,51,570,0
1,51,546,0
1,51,908,0
1,51,854,0
1,51,942,0
1,51,972,0
1,51,1315,0
1,51,1449,0
1,51,1146,0
1,51,930,0
1,51,1288,0
1,51,758,0
1,51,1039,0
1,51,700,0
1,51,969,0
1,51,770,0
1,51,952,0
1,51,810,0
1,51,822,0
1,51,779,0
1,51,945,0
1,51,539,0
1,51,1144,0
1,51,1449,0
1,51,720,0
1,51,1162,0
1,51,707,0
1,51,872,0
1,51,605,0
1,51,1236,0
1,51,1139,0
1,51,918,0
1,52,769,0
1,52,669,0
1,52,1108,0
1,52,1201,0
1,52,640,0
1,52,898,0
1,52,905,0
1,52,1110,0
1,52,894,0
1,52,714,0
1,52,1028,0
1,52,528,0
1,52,705,0
1,52,824,0
1,52,1130,0
1,52,862,0
1,52,916,0
1,52,1345,0
1,52,899,0
1,52,886,0
1,52,1268,0
1,52,630,0
1,52,892,0
1,52,927,0
1,52,940,0
1,52,841,0
1,52,1140,0
1,52,988,0
1,52,1028,0
1,52,1332,0
1,52,1223,0
1,52,734,0
1,52,1152,0
1,52,697,0
1,52,1016,0
1,52,1339,0
1,52,706,0
1,52,980,0
1,52,1090,0
1,52,876,0
1,52,1063,0
1,52,895,0
1,52,786,0
1,52,976,0
1,52,758,0
1,52,745,0
1,52,890,0
1,52,1125,0
1,52,756,0
1,52,756,0
1,52,1084,0
1,52,802,0
1,52,888,0
1,52,918,0
1,52,891,0
1,52,768,0
1,52,805,0
1,52,1303,0
1,52,1137,0
1,52,763,0
1,52,723,0
1,52,1163,0
1,52,1265,0
1,52,753,0
1,52,841,0
1,52,714,0
1,52,625,0
1,52,670,0
1,52,945,0
1,52,1173,0
1,52,893,0
1,52,630,0
1,52,847,0
1,52,719,0
1,52,1352,0
1,52,1226,0
1,52,1126,0
1,52,1557,0
1,52,830,0
1,52,767,0
1,52,1086,0
1,52,634,0
1,52,1331,0
1,52,1154,0
1,52,1075,0
1,52,720,0
1,52,1132,0
1,52,754,0
1,52,805,0
1,52,1057,0
1,52,596,0
1,52,1136,0
1,52,801,0
1,52,856,0
1,52,965,0
1,52,792,0
1,52,1035,0
1,52,1262,0
1,52,927,0
1,52,611,0
1,53,1211,0
1,53,874,0
1,53,721,0
1,53,648,0
1,53,708,0
1,53,894,0
1,53,706,0
1,53,530,0
1,53,949,0
1,53,1506,0
1,53,821,0
1,53,982,0
1,53,757,0
1,53,864,0
1,53,1208,0
1,53,940,0
1,53,627,0
1,53,956,0
1,53,865,0
1,53,732,0
1,53,894,0
1,53,1148,0
1,53,1308,0
1,53,743,0
1,53,751,0
1,53,650,0
1,53,1120,0
1,53,943,0
1,53,414,0
1,53,585,0
1,53,1262,0
1,53,900,0
1,53,783,0
1,53,910,0
1,53,543,0
1,53,863,0
1,53,599,0
1,53,672,0
1,53,865,0
1,53,1065,0
1,53,767,0
1,53,645,0
1,53,806,0
1,53,880,0
1,53,896,0
1,53,1061,0
1,53,796,0
1,53,911,0
1,53,681,0
1,53,714,0
1,53,821,0
1,53,812,0
1,53,779,0
1,53,792,0
1,53,890,0
1,53,1062,0
1,53,1059,0
1,53,780,0
1,53,1185,0
1,53,576,0
1,53,811,0
1,53,1410,0
1,53,702,0
1,53,996,0
1,53,714,0
1,53,465,0
1,53,865,0
1,53,798,0
1,53,796,0
1,53,816,0
1,53,668,0
1,53,652,0
1,53,870,0
1,53,886,0
1,53,1119,0
1,53,840,0
1,53,986,0
1,53,717,0
1,53,1003,0
1,53,848,0
1,53,751,0
1,53,715,0
1,53,1304,0
1,53,1053,0
1,53,847,0
1,53,899,0
1,53,991,0
1,53,893,0
1,53,894,0
1,53,757,0
1,53,779,0
1,53,917,0
1,53,769,0
1,53,877,0
1,53,918,0
1,53,966,0
1,53,817,0
1,53,818,0
1,53,996,0
1,53,890,0
1,54,972,0
1,54,405,0
1,54,685,0
1,54,831,0
1,54,861,0
1,54,749,0
1,54,994,0
1,54,342,0
1,54,992,0
1,54,928,0
1,54,464,0
1,54,693,0
1,54,1102,0
1,54,713,0
1,54,1014,0
1,54,911,0
1,54,568,0
1,54,738,0
1,54,949,0
1,54,667,0
1,54,929,0
1,54,648,0
1,54,1122,0
1,54,463,0
1,54,583,0
1,54,907,0
1,54,808,0
1,54,893,0
1,54,790,0
1,54,840,0
1,54,820,0
1,54,861,0
1,54,1020,0
1,54,825,0
1,54,965,0
1,54,610,0
1,54,911,0
1,54,760,0
1,54,825,0
1,54,415,0
1,54,971,0
1,54,859,0
1,54,756,0
1,54,578,0
1,54,684,0
1,54,1005,0
1,54,742,0
1,54,864,0
1,54,968,0
1,54,797,0
1,54,818,0
1,54,943,0
1,54,1205,0
1,54,683,0
1,54,434,0
1,54,792,0
1,54,775,0
1,54,652,0
1,54,906,0
1,54,857,0
1,54,607,0
1,54,485,0
1,54,618,0
1,54,492,0
1,54,1025,0
1,54,657,0
1,54,1080,0
1,54,932,0
1,54,981,0
1,54,649,0
1,54,982,0
1,54,471,0
1,54,790,0
1,54,770,0
1,54,699,0
1,54,757,0
1,54,819,0
1,54,645,0
1,54,690,0
1,54,642,0
1,54,1082,0
1,54,637,0
1,54,961,0
1,54,778,0
1,54,714,0
1,54,946,0
1,54,554,0
1,54,841,0
1,54,494,0
1,54,388,0
1,54,1016,0
1,54,897,0
1,54,809,0
1,54,959,0
1,54,985,0
1,54,795,0
1,54,1010,0
1,54,894,0
1,54,1079,0
1,54,698,0
1,55,813,0
1,55,707,0
1,55,884,0
1,55,769,0
1,55,330,0
1,55,559,0
1,55,797,0
1,55,876,0
1,55,620,0
1,55,848,0
1,55,857,0
1,55,474,0
1,55,1011,0
1,55,910,0
1,55,618,0
1,55,411,0
1,55,477,0
1,55,1074,0
1,55,752,0
1,55,915,0
1,55,916,0
1,55,1106,0
1,55,669,0
1,55,772,0
1,55,809,0
1,55,742,0
1,55,845,0
1,55,967,0
1,55,788,0
1,55,801,0
1,55,920,0
1,55,815,0
1,55,1028,0
1,55,668,0
1,55,1007,0
1,55,991,0
1,55,885,0
1,55,506,0
1,55,685,0
1,55,821,0
1,55,1077,0
1,55,1077,0
1,55,859,0
1,55,579,0
1,55,848,0
1,55,592,0
1,55,934,0
1,55,1108,0
1,55,1386,0
1,55,604,0
1,55,1070,0
1,55,765,0
1,55,1463,0
1,55,859,0
1,55,842,0
1,55,1128,0
1,55,1152,0
1,55,776,0
1,55,969,0
1,55,954,0
1,55,868,0
1,55,846,0
1,55,845,0
1,55,442,0
1,55,800,0
1,55,1035,0
1,55,1365,0
1,55,1021,0
1,55,1059,0
1,55,834,0
1,55,577,0
1,55,869,0
1,55,816,0
1,55,633,0
1,55,821,0
1,55,740,0
1,55,612,0
1,55,526,0
1,55,817,0
1,55,712,0
1,55,853,0
1,55,933,0
1,55,806,0
1,55,1053,0
1,55,936,0
1,55,1339,0
1,55,968,0
1,55,846,0
1,55,743,0
1,55,779,0
1,55,916,0
1,55,1028,0
1,55,482,0
1,55,759,0
1,55,685,0
1,55,866,0
1,55,1053,0
1,55,548,0
1,55,917,0
1,55,942,0
1,56,710,0
1,56,658,0
1,56,716,0
1,56,1001,0
1,56,766,0
1,56,860,0
1,56,1157,0
1,56,895,0
1,56,1178,0
1,56,1130,0
1,56,1471,0
1,56,436,0
1,56,457,0
1,56,638,0
1,56,903,0
1,56,946,0
1,56,1015,0
1,56,458,0
1,56,1080,0
1,56,704,0
1,56,672,0
1,56,758,0
1,56,1411,0
1,56,859,0
1,56,553,0
1,56,622,0
1,56,649,0
1,56,669,0
1,56,308,0
1,56,681,0
1,56,1020,0
1,56,1256,0
1,56,718,0
1,56,844,0
1,56,1023,0
1,56,487,0
1,56,641,0
1,56,757,0
1,56,492,0
1,56,704,0
1,56,927,0
1,56,1253,0
1,56,932,0
1,56,951,0
1,56,690,0
1,56,724,0
1,56,1200,0
1,56,535,0
1,56,794,0
1,56,888,0
1,56,560,0
1,56,733,0
1,56,845,0
1,56,962,0
1,56,678,0
1,56,583,0
1,56,896,0
1,56,440,0
1,56,906,0
1,56,742,0
1,56,736,0
1,56,766,0
1,56,1150,0
1,56,717,0
1,56,803,0
1,56,862,0
1,56,556,0
1,56,929,0
1,56,600,0
1,56,933,0
1,56,744,0
1,56,898,0
1,56,836,0
1,56,966,0
1,56,661,0
1,56,732,0
1,56,988,0
1,56,1124,0
1,56,804,0
1,56,608,0
1,56,1055,0
1,56,681,0
1,56,894,0
1,56,700,0
1,56,634,0
1,56,743,0
1,56,1013,0
1,56,453,0
1,56,793,0
1,56,1044,0
1,56,384,0
1,56,757,0
1,56,924,0
1,56,751,0
1,56,872,0
1,56,811,0
1,56,932,0
1,56,883,0
1,56,901,0
1,56,678,0
1,57,697,0
1,57,524,0
1,57,599,0
1,57,965,0
1,57,857,0
1,57,788,0
1,57,741,0
1,57,623,0
1,57,754,0
1,57,691,0
1,57,1052,0
1,57,637,0
1,57,1098,0
1,57,1194,0
1,57,685,0
1,57,685,0
1,57,538,0
1,57,697,0
1,57,746,0
1,57,699,0
1,57,957,0
1,57,566,0
1,57,729,0
1,57,636,0
1,57,817,0
1,57,900,0
1,57,382,0
1,57,985,0
1,57,1026,0
1,57,640,0
1,57,752,0
1,57,610,0
1,57,672,0
1,57,862,0
1,57,535,0
1,57,442,0
1,57,463,0
1,57,476,0
1,57,653,0
1,57,1425,0
1,57,942,0
1,57,1074,0
1,57,500,0
1,57,711,0
1,57,530,0
1,57,918,0
1,57,707,0
1,57,1223,0
1,57,901,0
1,57,959,0
1,57,1039,0
1,57,614,0
1,57,1200,0
1,57,734,0
1,57,670,0
1,57,1042,0
1,57,505,0
1,57,858,0
1,57,595,0
1,57,654,0
1,57,578,0
1,57,496,0
1,57,874,0
1,57,461,0
1,57,862,0
1,57,1075,0
1,57,609,0
1,57,842,0
1,57,528,0
1,57,852,0
1,57,564,0
1,57,1011,0
1,57,737,0
1,57,1176,0
1,57,731,0
1,57,604,0
1,57,801,0
1,57,787,0
1,57,516,0
1,57,907,0
1,57,625,0
1,57,537,0
1,57,1350,0
1,57,678,0
1,57,595,0
1,57,619,0
1,57,833,0
1,57,909,0
1,57,727,0
1,57,885,0
1,57,753,0
1,57,593,0
1,57,1008,0
1,57,527,0
1,57,1171,0
1,57,938,0
1,57,860,0
1,57,638,0
1,57,914,0
1,57,1027,0
1,58,513,0
1,58,923,0
1,58,605,0
1,58,725,0
1,58,432,0
1,58,907,0
1,58,1040,0
1,58,542,0
1,58,663,0
1,58,823,0
1,58,1229,0
1,58,736,0
1,58,1025,0
1,58,813,0
1,58,718,0
1,58,556,0
1,58,611,0
1,58,650,0
1,58,1017,0
1,58,541,0
1,58,784,0
1,58,813,0
1,58,355,0
1,58,989,0
1,58,695,0
1,58,1029,0
1,58,631,0
1,58,591,0
1,58,521,0
1,58,567,0
1,58,665,0
1,58,643,0
1,58,583,0
1,58,500,0
1,58,853,0
1,58,588,0
1,58,540,0
1,58,1115,0
1,58,962,0
1,58,921,0
1,58,756,0
1,58,688,0
1,58,877,0
1,58,718,0
1,58,1000,0
1,58,1158,0
1,58,287,0
1,58,563,0
1,58,394,0
1,58,1002,0
1,58,531,0
1,58,517,0
1,58,520,0
1,58,772,0
1,58,484,0
1,58,573,0
1,58,692,0
1,58,730,0
1,58,921,0
1,58,778,0
1,58,655,0
1,58,451,0
1,58,796,0
1,58,845,0
1,58,696,0
1,58,643,0
1,58,751,0
1,58,886,0
1,58,557,0
1,58,867,0
1,58,666,0
1,58,773,0
1,58,450,0
1,58,536,0
1,58,470,0
1,58,753,0
1,58,832,0
1,58,792,0
1,58,711,0
1,58,606,0
1,58,839,0
1,58,980,0
1,58,847,0
1,58,689,0
1,58,1105,0
1,58,493,0
1,58,829,0
1,58,572,0
1,58,673,0
1,58,564,0
1,58,670,0
1,58,1010,0
1,58,851,0
1,58,699,0
1,58,918,0
1,58,458,0
1,58,1081,0
1,58,863,0
1,58,526,0
1,58,753,0
1,59,354,0
1,59,503,0
1,59,722,0
1,59,339,0
1,59,331,0
1,59,348,0
1,59,499,0
1,59,360,0
1,59,815,0
1,59,972,0
1,59,583,0
1,59,606,0
1,59,417,0
1,59,702,0
1,59,889,0
1,59,1327,0
1,59,792,0
1,59,687,0
1,59,1045,0
1,59,703,0
1,59,315,0
1,59,622,0
1,59,472,0
1,59,684,0
1,59,599,0
1,59,877,0
1,59,495,0
1,59,689,0
1,59,634,0
1,59,626,0
1,59,690,0
1,59,814,0
1,59,887,0
1,59,557,0
1,59,761,0
1,59,453,0
1,59,472,0
1,59,1068,0
1,59,561,0
1,59,1069,0
1,59,618,0
1,59,588,0
1,59,569,0
1,59,953,0
1,59,960,0
1,59,567,0
1,59,567,0
1,59,456,0
1,59,350,0
1,59,636,0
1,59,498,0
1,59,774,0
1,59,604,0
1,59,510,0
1,59,532,0
1,59,469,0
1,59,717,0
1,59,639,0
1,59,727,0
1,59,834,0
1,59,715,0
1,59,679,0
1,59,1050,0
1,59,338,0
1,59,398,0
1,59,479,0
1,59,426,0
1,59,386,0
1,59,532,0
1,59,760,0
1,59,476,0
1,59,496,0
1,59,548,0
1,59,999,0
1,59,837,0
1,59,777,0
1,59,608,0
1,59,630,0
1,59,566,0
1,59,881,0
1,59,551,0
1,59,687,0
1,59,643,0
1,59,431,0
1,59,717,0
1,59,914,0
1,59,558,0
1,59,702,0
1,59,472,0
1,59,693,0
1,59,524,0
1,59,720,0
1,59,883,0
1,59,542,0
1,59,1313,0
1,59,654,0
1,59,505,0
1,59,1010,0
1,59,639,0
1,59,639,0
1,60,422,0
1,60,355,0
1,60,966,0
1,60,736,0
1,60,711,0
1,60,609,0
1,60,356,0
1,60,657,0
1,60,446,0
1,60,982,0
1,60,705,0
1,60,824,0
1,60,637,0
1,60,339,0
1,60,931,0
1,60,1165,0
1,60,603,0
1,60,1037,0
1,60,510,0
1,60,766,0
1,60,623,0
1,60,805,0
1,60,406,0
1,60,989,0
1,60,838,0
1,60,880,0
1,60,328,0
1,60,411,0
1,60,952,0
1,60,1001,0
1,60,430,0
1,60,668,0
1,60,832,0
1,60,580,0
1,60,518,0
1,60,632,0
1,60,946,0
1,60,598,0
1,60,660,0
1,60,959,0
1,60,589,0
1,60,761,0
1,60,569,0
1,60,846,0
1,60,779,0
1,60,492,0
1,60,574,0
1,60,774,0
1,60,623,0
1,60,821,0
1,60,723,0
1,60,503,0
1,60,319,0
1,60,834,0
1,60,972,0
1,60,437,0
1,60,280,0
1,60,824,0
1,60,698,0
1,60,1006,0
1,60,440,0
1,60,411,0
1,60,899,0
1,60,637,0
1,60,691,0
1,60,805,0
1,60,413,0
1,60,591,0
1,60,739,0
1,60,850,0
1,60,890,0
1,60,204,0
1,60,683,0
1,60,669,0
1,60,887,0
1,60,493,0
1,60,358,0
1,60,1386,0
1,60,518,0
1,60,537,0
1,60,594,0
1,60,517,0
1,60,171,0
1,60,434,0
1,60,790,0
1,60,514,0
1,60,746,0
1,60,444,0
1,60,470,0
1,60,1171,0
1,60,1444,0
1,60,442,0
1,60,664,0
1,60,496,0
1,60,542,0
1,60,580,0
1,60,1153,0
1,60,702,0
1,60,480,0
1,60,612,0
1,61,704,0
1,61,812,0
1,61,739,0
1,61,1084,0
1,61,596,0
1,61,684,0
1,61,634,0
1,61,336,0
1,61,582,0
1,61,628,0
1,61,555,0
1,61,570,0
1,61,626,0
1,61,351,0
1,61,383,0
1,61,396,0
1,61,594,0
1,61,951,0
1,61,529,0
1,61,246,0
1,61,608,0
1,61,902,0
1,61,561,0
1,61,1041,0
1,61,832,0
1,61,649,0
1,61,345,0
1,61,698,0
1,61,603,0
1,61,643,0
1,61,279,0
1,61,496,0
1,61,663,0
1,61,695,0
1,61,968,0
1,61,570,0
1,61,726,0
1,61,359,0
1,61,620,0
1,61,529,0
1,61,313,0
1,61,984,0
1,61,622,0
1,61,467,0
1,61,795,0
1,61,716,0
1,61,508,0
1,61,700,0
1,61,840,0
1,61,822,0
1,61,713,0
1,61,937,0
1,61,800,0
1,61,585,0
1,61,1157,0
1,61,758,0
1,61,553,0
1,61,742,0
1,61,933,0
1,61,543,0
1,61,1095,0
1,61,530,0
1,61,280,0
1,61,917,0
1,61,745,0
1,61,729,0
1,61,872,0
1,61,694,0
1,61,478,0
1,61,980,0
1,61,721,0
1,61,420,0
1,61,819,0
1,61,1007,0
1,61,709,0
1,61,539,0
1,61,723,0
1,61,811,0
1,61,923,0
1,61,1027,0
1,61,543,0
1,61,781,0
1,61,532,0
1,61,387,0
1,61,804,0
1,61,972,0
1,61,357,0
1,61,461,0
1,61,618,0
1,61,470,0
1,61,397,0
1,61,347,0
1,61,705,0
1,61,583,0
1,61,517,0
1,61,339,0
1,61,538,0
1,61,555,0
1,61,459,0
1,61,919,0
1,62,684,0
1,62,455,0
1,62,1005,0
1,62,339,0
1,62,939,0
1,62,734,0
1,62,1160,0
1,62,524,0
1,62,859,0
1,62,802,0
1,62,540,0
1,62,549,0
1,62,803,0
1,62,968,0
1,62,455,0
1,62,548,0
1,62,890,0
1,62,730,0
1,62,892,0
1,62,724,0
1,62,848,0
1,62,827,0
1,62,592,0
1,62,541,0
1,62,852,0
1,62,527,0
1,62,415,0
1,62,891,0
1,62,706,0
1,62,530,0
1,62,542,0
1,62,421,0
1,62,580,0
1,62,1007,0
1,62,664,0
1,62,604,0
1,62,699,0
1,62,537,0
1,62,401,0
1,62,508,0
1,62,736,0
1,62,532,0
1,62,400,0
1,62,734,0
1,62,469,0
1,62,476,0
1,62,798,0
1,62,499,0
1,62,775,0
1,62,728,0
1,62,306,0
1,62,232,0
1,62,908,0
1,62,620,0
1,62,240,0
1,62,508,0
1,62,552,0
1,62,646,0
1,62,575,0
1,62,340,0
1,62,464,0
1,62,531,0
1,62,479,0
1,62,999,0
1,62,447,0
1,62,930,0
1,62,631,0
1,62,552,0
1,62,773,0
1,62,565,0
1,62,631,0
1,62,691,0
1,62,622,0
1,62,659,0
1,62,554,0
1,62,624,0
1,62,723,0
1,62,432,0
1,62,572,0
1,62,485,0
1,62,362,0
1,62,624,0
1,62,725,0
1,62,1032,0
1,62,639,0
1,62,700,0
1,62,1271,0
1,62,901,0
1,62,571,0
1,62,306,0
1,62,435,0
1,62,205,0
1,62,532,0
1,62,717,0
1,62,390,0
1,62,669,0
1,62,1225,0
1,62,962,0
1,62,413,0
1,62,535,0
1,63,320,0
1,63,540,0
1,63,988,0
1,63,537,0
1,63,671,0
1,63,258,0
1,63,653,0
1,63,537,0
1,63,506,0
1,63,320,0
1,63,556,0
1,63,623,0
1,63,1177,0
1,63,643,0
1,63,635,0
1,63,390,0
1,63,450,0
1,63,874,0
1,63,629,0
1,63,779,0
1,63,598,0
1,63,511,0
1,63,463,0
1,63,810,0
1,63,707,0
1,63,339,0
1,63,917,0
1,63,908,0
1,63,657,0
1,63,446,0
1,63,451,0
1,63,421,0
1,63,796,0
1,63,370,0
1,63,597,0
1,63,914,0
1,63,896,0
1,63,362,0
1,63,349,0
1,63,949,0
1,63,761,0
1,63,565,0
1,63,607,0
1,63,1223,0
1,63,635,0
1,63,569,0
1,63,738,0
1,63,878,0
1,63,547,0
1,63,478,0
1,63,335,0
1,63,706,0
1,63,656,0
1,63,1030,0
1,63,859,0
1,63,798,0
1,63,358,0
1,63,1040,0
1,63,563,0
1,63,482,0
1,63,393,0
1,63,362,0
1,63,859,0
1,63,574,0
1,63,636,0
1,63,579,0
1,63,594,0
1,63,854,0
1,63,361,0
1,63,750,0
1,63,837,0
1,63,423,0
1,63,532,0
1,63,422,0
1,63,583,0
1,63,937,0
1,63,384,0
1,63,526,0
1,63,481,0
1,63,700,0
1,63,300,0
1,63,406,0
1,63,315,0
1,63,677,0
1,63,332,0
1,63,1282,0
1,63,925,0
1,63,722,0
1,63,412,0
1,63,802,0
1,63,503,0
1,63,507,0
1,63,394,0
1,63,590,0
1,63,542,0
1,63,709,0
1,63,726,0
1,63,398,0
1,63,680,0
1,63,368,0
1,64,317,0
1,64,408,0
1,64,861,0
1,64,550,0
1,64,606,0
1,64,402,0
1,64,224,0
1,64,469,0
1,64,590,0
1,64,509,0
1,64,463,0
1,64,582,0
1,64,477,0
1,64,526,0
1,64,759,0
1,64,297,0
1,64,898,0
1,64,297,0
1,64,883,0
1,64,729,0
1,64,962,0
1,64,328,0
1,64,604,0
1,64,377,0
1,64,313,0
1,64,467,0
1,64,379,0
1,64,759,0
1,64,383,0
1,64,445,0
1,64,512,0
1,64,548,0
1,64,191,0
1,64,256,0
1,64,702,0
1,64,425,0
1,64,633,0
1,64,619,0
1,64,314,0
1,64,307,0
1,64,550,0
1,64,1035,0
1,64,694,0
1,64,601,0
1,64,988,0
1,64,1211,0
1,64,744,0
1,64,747,0
1,64,1009,0
1,64,715,0
1,64,515,0
1,64,596,0
1,64,485,0
1,64,271,0
1,64,575,0
1,64,593,0
1,64,594,0
1,64,624,0
1,64,787,0
1,64,415,0
1,64,514,0
1,64,608,0
1,64,316,0
1,64,845,0
1,64,606,0
1,64,583,0
1,64,757,0
1,64,399,0
1,64,317,0
1,64,559,0
1,64,735,0
1,64,598,0
1,64,240,0
1,64,547,0
1,64,345,0
1,64,426,0
1,64,239,0
1,64,460,0
1,64,371,0
1,64,468,0
1,64,361,0
1,64,370,0
1,64,560,0
1,64,622,0
1,64,1024,0
1,64,220,0
1,64,978,0
1,64,543,0
1,64,528,0
1,64,821,0
1,64,612,0
1,64,1043,0
1,64,387,0
1,64,376,0
1,64,623,0
1,64,357,0
1,64,608,0
1,64,773,0
1,64,279,0
1,64,548,0
1,65,334,0
1,65,504,0
1,65,448,0
1,65,471,0
1,65,127,0
1,65,560,0
1,65,212,0
1,65,559,0
1,65,587,0
1,65,775,0
1,65,323,0
1,65,389,0
1,65,423,0
1,65,1043,0
1,65,517,0
1,65,425,0
1,65,438,0
1,65,392,0
1,65,539,0
1,65,309,0
1,65,215,0
1,65,610,0
1,65,446,0
1,65,773,0
1,65,522,0
1,65,568,0
1,65,572,0
1,65,392,0
1,65,449,0
1,65,430,0
1,65,432,0
1,65,674,0
1,65,539,0
1,65,481,0
1,65,419,0
1,65,334,0
1,65,399,0
1,65,163,0
1,65,575,0
1,65,825,0
1,65,642,0
1,65,395,0
1,65,295,0
1,65,469,0
1,65,514,0
1,65,311,0
1,65,502,0
1,65,191,0
1,65,470,0
1,65,281,0
1,65,500,0
1,65,279,0
1,65,1061,0
1,65,468,0
1,65,1091,0
1,65,315,0
1,65,299,0
1,65,598,0
1,65,579,0
1,65,340,0
1,65,652,0
1,65,257,0
1,65,574,0
1,65,553,0
1,65,381,0
1,65,297,0
1,65,545,0
1,65,402,0
1,65,399,0
1,65,182,0
1,65,339,0
1,65,494,0
1,65,415,0
1,65,195,0
1,65,509,0
1,65,426,0
1,65,235,0
1,65,305,0
1,65,541,0
1,65,559,0
1,65,569,0
1,65,250,0
1,65,441,0
1,65,252,0
1,65,459,0
1,65,430,0
1,65,572,0
1,65,508,0
1,65,570,0
1,65,300,0
1,65,410,0
1,65,463,0
1,65,353,0
1,65,194,0
1,65,634,0
1,65,723,0
1,65,274,0
1,65,458,0
1,65,552,0
1,65,168,0
1,66,631,0
1,66,426,0
1,66,414,0
1,66,176,0
1,66,315,0
1,66,320,0
1,66,417,0
1,66,434,0
1,66,697,0
1,66,457,0
1,66,101,0
1,66,1010,0
1,66,489,0
1,66,553,0
1,66,338,0
1,66,369,0
1,66,597,0
1,66,522,0
1,66,580,0
1,66,691,0
1,66,251,0
1,66,764,0
1,66,564,0
1,66,555,0
1,66,317,0
1,66,776,0
1,66,459,0
1,66,794,0
1,66,588,0
1,66,772,0
1,66,287,0
1,66,341,0
1,66,396,0
1,66,471,0
1,66,614,0
1,66,358,0
1,66,746,0
1,66,591,0
1,66,588,0
1,66,440,0
1,66,352,0
1,66,493,0
1,66,546,0
1,66,510,0
1,66,316,0
1,66,639,0
1,66,539,0
1,66,528,0
1,66,244,0
1,66,413,0
1,66,340,0
1,66,505,0
1,66,215,0
1,66,687,0
1,66,479,0
1,66,512,0
1,66,411,0
1,66,381,0
1,66,399,0
1,66,711,0
1,66,408,0
1,66,518,0
1,66,639,0
1,66,353,0
1,66,539,0
1,66,541,0
1,66,309,0
1,66,504,0
1,66,667,0
1,66,741,0
1,66,564,0
1,66,627,0
1,66,650,0
1,66,486,0
1,66,467,0
1,66,778,0
1,66,245,0
1,66,599,0
1,66,625,0
1,66,427,0
1,66,220,0
1,66,661,0
1,66,331,0
1,66,812,0
1,66,408,0
1,66,775,0
1,66,434,0
1,66,365,0
1,66,609,0
1,66,478,0
1,66,278,0
1,66,574,0
1,66,831,0
1,66,484,0
1,66,210,0
1,66,435,0
1,66,613,0
1,66,344,0
1,66,270,0
1,66,829,0
1,67,670,0
1,67,315,0
1,67,420,0
1,67,383,0
1,67,723,0
1,67,544,0
1,67,432,0
1,67,499,0
1,67,819,0
1,67,519,0
1,67,271,0
1,67,343,0
1,67,563,0
1,67,233,0
1,67,494,0
1,67,392,0
1,67,331,0
1,67,473,0
1,67,487,0
1,67,174,0
1,67,632,0
1,67,508,0
1,67,665,0
1,67,780,0
1,67,777,0
1,67,683,0
1,67,459,0
1,67,196,0
1,67,401,0
1,67,423,0
1,67,601,0
1,67,468,0
1,67,300,0
1,67,219,0
1,67,376,0
1,67,710,0
1,67,311,0
1,67,510,0
1,67,541,0
1,67,677,0
1,67,955,0
1,67,545,0
1,67,581,0
1,67,954,0
1,67,444,0
1,67,370,0
1,67,193,0
1,67,441,0
1,67,437,0
1,67,267,0
1,67,630,0
1,67,366,0
1,67,455,0
1,67,536,0
1,67,391,0
1,67,502,0
1,67,535,0
1,67,765,0
1,67,268,0
1,67,423,0
1,67,593,0
1,67,559,0
1,67,392,0
1,67,583,0
1,67,548,0
1,67,456,0
1,67,460,0
1,67,449,0
1,67,514,0
1,67,388,0
1,67,335,0
1,67,419,0
1,67,379,0
1,67,350,0
1,67,269,0
1,67,435,0
1,67,581,0
1,67,688,0
1,67,571,0
1,67,561,0
1,67,700,0
1,67,785,0
1,67,613,0
1,67,286,0
1,67,464,0
1,67,526,0
1,67,400,0
1,67,366,0
1,67,311,0
1,67,234,0
1,67,486,0
1,67,415,0
1,67,517,0
1,67,478,0
1,67,560,0
1,67,753,0
1,67,414,0
1,67,612,0
1,67,178,0
1,67,575,0
1,68,402,0
1,68,800,0
1,68,558,0
1,68,1015,0
1,68,304,0
1,68,127,0
1,68,549,0
1,68,835,0
1,68,458,0
1,68,633,0
1,68,287,0
1,68,154,0
1,68,423,0
1,68,158,0
1,68,622,0
1,68,677,0
1,68,481,0
1,68,275,0
1,68,460,0
1,68,658,0
1,68,321,0
1,68,477,0
1,68,692,0
1,68,502,0
1,68,572,0
1,68,577,0
1,68,448,0
1,68,279,0
1,68,962,0
1,68,415,0
1,68,919,0
1,68,385,0
1,68,239,0
1,68,458,0
1,68,396,0
1,68,211,0
1,68,373,0
1,68,663,0
1,68,624,0
1,68,381,0
1,68,405,0
1,68,492,0
1,68,1518,0
1,68,465,0
1,68,251,0
1,68,172,0
1,68,403,0
1,68,503,0
1,68,425,0
1,68,795,0
1,68,563,0
1,68,665,0
1,68,737,0
1,68,428,0
1,68,352,0
1,68,554,0
1,68,548,0
1,68,361,0
1,68,573,0
1,68,295,0
1,68,268,0
1,68,248,0
1,68,492,0
1,68,571,0
1,68,321,0
1,68,333,0
1,68,411,0
1,68,419,0
1,68,759,0
1,68,360,0
1,68,256,0
1,68,146,0
1,68,585,0
1,68,378,0
1,68,738,0
1,68,284,0
1,68,556,0
1,68,563,0
1,68,555,0
1,68,564,0
1,68,733,0
1,68,487,0
1,68,380,0
1,68,232,0
1,68,438,0
1,68,590,0
1,68,385,0
1,68,650,0
1,68,837,0
1,68,248,0
1,68,231,0
1,68,404,0
1,68,210,0
1,68,176,0
1,68,478,0
1,68,805,0
1,68,512,0
1,68,340,0
1,68,311,0
1,68,598,0
1,69,372,0
1,69,431,0
1,69,479,0
1,69,535,0
1,69,119,0
1,69,359,0
1,69,972,0
1,69,490,0
1,69,523,0
1,69,475,0
1,69,913,0
1,69,384,0
1,69,128,0
1,69,374,0
1,69,452,0
1,69,210,0
1,69,664,0
1,69,471,0
1,69,660,0
1,69,365,0
1,69,236,0
1,69,243,0
1,69,440,0
1,69,502,0
1,69,338,0
1,69,392,0
1,69,694,0
1,69,620,0
1,69,164,0
1,69,657,0
1,69,406,0
1,69,466,0
1,69,814,0
1,69,931,0
1,69,356,0
1,69,732,0
1,69,430,0
1,69,602,0
1,69,471,0
1,69,680,0
1,69,347,0
1,69,606,0
1,69,389,0
1,69,551,0
1,69,149,0
1,69,474,0
1,69,577,0
1,69,433,0
1,69,363,0
1,69,212,0
1,69,531,0
1,69,490,0
1,69,209,0
1,69,615,0
1,69,340,0
1,69,628,0
1,69,520,0
1,69,212,0
1,69,691,0
1,69,226,0
1,69,187,0
1,69,585,0
1,69,584,0
1,69,430,0
1,69,393,0
1,69,893,0
1,69,531,0
1,69,411,0
1,69,481,0
1,69,459,0
1,69,623,0
1,69,692,0
1,69,394,0
1,69,218,0
1,69,343,0
1,69,539,0
1,69,471,0
1,69,391,0
1,69,393,0
1,69,540,0
1,69,798,0
1,69,416,0
1,69,172,0
1,69,384,0
1,69,221,0
1,69,522,0
1,69,604,0
1,69,216,0
1,69,242,0
1,69,155,0
1,69,380,0
1,69,629,0
1,69,677,0
1,69,366,0
1,69,939,0
1,69,444,0
1,69,623,0
1,69,331,0
1,69,414,0
1,69,417,0
1,70,693,0
1,70,840,0
1,70,572,0
1,70,597,0
1,70,290,0
1,70,424,0
1,70,698,0
1,70,512,0
1,70,146,0
1,70,680,0
1,70,284,0
1,70,284,0
1,70,622,0
1,70,355,0
1,70,451,0
1,70,517,0
1,70,267,0
1,70,332,0
1,70,644,0
1,70,684,0
1,70,536,0
1,70,560,0
1,70,308,0
1,70,631,0
1,70,561,0
1,70,658,0
1,70,644,0
1,70,374,0
1,70,626,0
1,70,430,0
1,70,306,0
1,70,392,0
1,70,552,0
1,70,224,0
1,70,325,0
1,70,360,0
1,70,538,0
1,70,807,0
1,70,349,0
1,70,421,0
1,70,468,0
1,70,440,0
1,70,400,0
1,70,369,0
1,70,189,0
1,70,799,0
1,70,363,0
1,70,550,0
1,70,448,0
1,70,477,0
1,70,686,0
1,70,301,0
1,70,567,0
1,70,649,0
1,70,480,0
1,70,591,0
1,70,686,0
1,70,231,0
1,70,356,0
1,70,443,0
1,70,377,0
1,70,471,0
1,70,651,0
1,70,569,0
1,70,583,0
1,70,374,0
1,70,422,0
1,70,393,0
1,70,371,0
1,70,411,0
1,70,618,0
1,70,341,0
1,70,376,0
1,70,398,0
1,70,578,0
1,70,183,0
1,70,383,0
1,70,429,0
1,70,600,0
1,70,278,0
1,70,313,0
1,70,280,0
1,70,304,0
1,70,313,0
1,70,515,0
1,70,431,0
1,70,519,0
1,70,583,0
1,70,541,0
1,70,433,0
1,70,500,0
1,70,754,0
1,70,696,0
1,70,323,0
1,70,258,0
1,70,335,0
1,70,328,0
1,70,435,0
1,70,557,0
1,66,101,0
1,66,101,1
3,50,1158,0
3,51,925,0
3,51,890,0
3,51,847,0
3,51,824,0
3,51,805,0
3,51,794,0
3,51,783,0
3,51,779,0
3,51,779,0
3,51,779,0
3,51,779,0
3,51,779,0
3,51,779,0
3,51,779,0
3,51,779,0
3,51,779,0
3,51,779,0
3,51,779,0
3,51,779,0
3,51,779,0
3,51,779,0
3,51,779,0
3,51,779,0
3,51,779,0
3,51,779,0
3,51,779,0
3,51,779,0
3,51,779,0
3,51,779,0
3,51,779,0
3,51,779,0
3,51,779,0
3,51,779,0
3,51,779,0
3,51,779,0
3,51,779,0
3,51,779,0
3,51,779,0
3,51,779,0
3,51,779,0
3,51,779,0
3,51,779,0
3,51,779,0
3,51,779,0
3,51,779,0
3,51,779,0
3,51,779,0
3,51,779,0
3,51,779,0
3,51,779,0
3,51,779,0
3,51,779,0
3,51,779,0
3,51,779,0
3,51,779,0
3,51,779,0
3,51,779,0
3,51,779,0
3,51,779,0
3,51,779,0
3,51,779,0
3,51,779,0
3,51,779,0
3,51,779,0
3,51,779,0
3,51,779,0
3,51,779,0
3,51,779,0
3,51,779,0
3,51,779,0
3,51,779,0
3,51,779,0
3,51,779,0
3,51,779,0
3,51,779,0
3,51,779,0
3,51,779,0
3,51,779,0
3,51,779,0
3,51,779,0
3,51,779,0
3,51,779,0
3,51,779,0
3,51,779,0
3,51,779,0
3,51,779,0
3,51,779,0
3,51,779,0
3,51,779,0
3,51,779,0
3,51,779,0
3,51,779,0
3,51,779,0
3,51,779,0
3,51,779,0
3,51,779,0
3,51,779,0
3,51,779,0
3,51,779,0
3,51,779,0
3,52,779,0
3,52,779,0
3,52,779,0
3,52,779,0
3,52,779,0
3,52,779,0
3,52,779,0
3,52,779,0
3,52,779,0
3,52,779,0
3,52,779,0
3,52,779,0
3,52,779,0
3,52,779,0
3,52,779,0
3,52,779,0
3,52,779,0
3,52,779,0
3,52,779,0
3,52,779,0
3,52,779,0
3,52,779,0
3,52,779,0
3,52,779,0
3,52,779,0
3,52,779,0
3,52,779,0
3,52,779,0
3,52,779,0
3,52,779,0
3,52,779,0
3,52,779,0
3,52,779,0
3,52,779,0
3,52,779,0
3,52,779,0
3,52,779,0
3,52,779,0
3,52,779,0
3,52,779,0
3,52,779,0
3,52,779,0
3,52,779,0
3,52,779,0
3,52,779,0
3,52,779,0
3,52,779,0
3,52,779,0
3,52,779,0
3,52,779,0
3,52,779,0
3,52,779,0
3,52,779,0
3,52,779,0
3,52,779,0
3,52,779,0
3,52,779,0
3,52,779,0
3,52,779,0
3,52,779,0
3,52,779,0
3,52,779,0
3,52,779,0
3,52,779,0
3,52,779,0
3,52,779,0
3,52,779,0
3,52,779,0
3,52,779,0
3,52,779,0
3,52,779,0
3,52,779,0
3,52,779,0
3,52,779,0
3,52,779,0
3,52,779,0
3,52,779,0
3,52,779,0
3,52,779,0
3,52,779,0
3,52,779,0
3,52,779,0
3,52,779,0
3,52,779,0
3,52,779,0
3,52,779,0
3,52,779,0
3,52,779,0
3,52,779,0
3,52,779,0
3,52,779,0
3,52,779,0
3,52,779,0
3,52,779,0
3,52,779,0
3,52,779,0
3,52,779,0
3,52,779,0
3,52,779,0
3,52,779,0
3,53,733,0
3,53,726,0
3,53,721,0
3,53,721,0
3,53,721,0
3,53,721,0
3,53,721,0
3,53,721,0
3,53,721,0
3,53,721,0
3,53,721,0
3,53,721,0
3,53,721,0
3,53,721,0
3,53,721,0
3,53,721,0
3,53,721,0
3,53,721,0
3,53,721,0
3,53,721,0
3,53,721,0
3,53,721,0
3,53,721,0
3,53,721,0
3,53,721,0
3,53,721,0
3,53,721,0
3,53,721,0
3,53,721,0
3,53,721,0
3,53,721,0
3,53,721,0
3,53,721,0
3,53,721,0
3,53,721,0
3,53,721,0
3,53,721,0
3,53,721,0
3,53,721,0
3,53,721,0
3,53,721,0
3,53,721,0
3,53,721,0
3,53,721,0
3,53,721,0
3,53,721,0
3,53,721,0
3,53,721,0
3,53,721,0
3,53,721,0
3,53,721,0
3,53,721,0
3,53,721,0
3,53,721,0
3,53,721,0
3,53,721,0
3,53,721,0
3,53,721,0
3,53,721,0
3,53,721,0
3,53,721,0
3,53,721,0
3,53,721,0
3,53,721,0
3,53,721,0
3,53,721,0
3,53,721,0
3,53,721,0
3,53,721,0
3,53,721,0
3,53,721,0
3,53,721,0
3,53,721,0
3,53,721,0
3,53,721,0
3,53,721,0
3,53,721,0
3,53,721,0
3,53,721,0
3,53,721,0
3,53,721,0
3,53,721,0
3,53,721,0
3,53,721,0
3,53,721,0
3,53,721,0
3,53,721,0
3,53,721,0
3,53,721,0
3,53,721,0
3,53,721,0
3,53,721,0
3,53,721,0
3,53,721,0
3,53,721,0
3,53,721,0
3,53,721,0
3,53,721,0
3,53,721,0
3,53,721,0
3,54,721,0
3,54,721,0
3,54,721,0
3,54,721,0
3,54,721,0
3,54,721,0
3,54,721,0
3,54,721,0
3,54,721,0
3,54,721,0
3,54,721,0
3,54,721,0
3,54,721,0
3,54,721,0
3,54,721,0
3,54,721,0
3,54,721,0
3,54,721,0
3,54,721,0
3,54,721,0
3,54,721,0
3,54,721,0
3,54,721,0
3,54,721,0
3,54,721,0
3,54,721,0
3,54,721,0
3,54,721,0
3,54,721,0
3,54,721,0
3,54,721,0
3,54,721,0
3,54,721,0
3,54,721,0
3,54,721,0
3,54,721,0
3,54,721,0
3,54,721,0
3,54,721,0
3,54,721,0
3,54,721,0
3,54,721,0
3,54,721,0
3,54,721,0
3,54,721,0
3,54,721,0
3,54,721,0
3,54,721,0
3,54,721,0
3,54,721,0
3,54,721,0
3,54,721,0
3,54,721,0
3,54,721,0
3,54,721,0
3,54,721,0
3,54,721,0
3,54,721,0
3,54,721,0
3,54,721,0
3,54,721,0
3,54,721,0
3,54,721,0
3,54,721,0
3,54,721,0
3,54,721,0
3,54,721,0
3,54,721,0
3,54,721,0
3,54,721,0
3,54,721,0
3,54,721,0
3,54,721,0
3,54,721,0
3,54,721,0
3,54,721,0
3,54,721,0
3,54,721,0
3,54,721,0
3,54,721,0
3,54,721,0
3,54,721,0
3,54,721,0
3,54,721,0
3,54,721,0
3,54,721,0
3,54,721,0
3,54,721,0
3,54,721,0
3,54,721,0
3,54,721,0
3,54,721,0
3,54,721,0
3,54,721,0
3,54,721,0
3,54,721,0
3,54,721,0
3,54,721,0
3,54,721,0
3,54,721,0
3,55,715,0
3,55,715,0
3,55,715,0
3,55,715,0
3,55,715,0
3,55,715,0
3,55,715,0
3,55,715,0
3,55,715,0
3,55,715,0
3,55,715,0
3,55,715,0
3,55,715,0
3,55,715,0
3,55,715,0
3,55,715,0
3,55,715,0
3,55,715,0
3,55,715,0
3,55,715,0
3,55,715,0
3,55,715,0
3,55,715,0
3,55,715,0
3,55,715,0
3,55,715,0
3,55,715,0
3,55,715,0
3,55,715,0
3,55,715,0
3,55,715,0
3,55,715,0
3,55,715,0
3,55,715,0
3,55,715,0
3,55,715,0
3,55,715,0
3,55,715,0
3,55,715,0
3,55,715,0
3,55,715,0
3,55,715,0
3,55,715,0
3,55,715,0
3,55,715,0
3,55,715,0
3,55,715,0
3,55,715,0
3,55,715,0
3,55,715,0
3,55,715,0
3,55,715,0
3,55,715,0
3,55,715,0
3,55,715,0
3,55,715,0
3,55,715,0
3,55,715,0
3,55,715,0
3,55,715,0
3,55,715,0
3,55,715,0
3,55,715,0
3,55,715,0
3,55,715,0
3,55,715,0
3,55,715,0
3,55,715,0
3,55,715,0
3,55,715,0
3,55,715,0
3,55,715,0
3,55,715,0
3,55,715,0
3,55,715,0
3,55,715,0
3,55,715,0
3,55,715,0
3,55,715,0
3,55,715,0
3,55,715,0
3,55,715,0
3,55,715,0
3,55,715,0
3,55,715,0
3,55,715,0
3,55,715,0
3,55,715,0
3,55,715,0
3,55,715,0
3,55,715,0
3,55,715,0
3,55,715,0
3,55,715,0
3,55,715,0
3,55,715,0
3,55,715,0
3,55,715,0
3,55,715,0
3,55,715,0
3,56,715,0
3,56,715,0
3,56,715,0
3,56,715,0
3,56,715,0
3,56,715,0
3,56,715,0
3,56,715,0
3,56,715,0
3,56,715,0
3,56,715,0
3,56,715,0
3,56,715,0
3,56,715,0
3,56,715,0
3,56,715,0
3,56,715,0
3,56,715,0
3,56,715,0
3,56,715,0
3,56,715,0
3,56,715,0
3,56,715,0
3,56,715,0
3,56,715,0
3,56,715,0
3,56,715,0
3,56,715,0
3,56,715,0
3,56,715,0
3,56,715,0
3,56,715,0
3,56,715,0
3,56,715,0
3,56,715,0
3,56,715,0
3,56,715,0
3,56,715,0
3,56,715,0
3,56,715,0
3,56,715,0
3,56,715,0
3,56,715,0
3,56,715,0
3,56,715,0
3,56,715,0
3,56,715,0
3,56,715,0
3,56,715,0
3,56,715,0
3,56,715,0
3,56,715,0
3,56,715,0
3,56,715,0
3,56,715,0
3,56,715,0
3,56,715,0
3,56,715,0
3,56,715,0
3,56,715,0
3,56,715,0
3,56,715,0
3,56,715,0
3,56,715,0
3,56,715,0
3,56,715,0
3,56,715,0
3,56,715,0
3,56,715,0
3,56,715,0
3,56,715,0
3,56,715,0
3,56,715,0
3,56,715,0
3,56,715,0
3,56,715,0
3,56,715,0
3,56,715,0
3,56,715,0
3,56,715,0
3,56,715,0
3,56,715,0
3,56,715,0
3,56,715,0
3,56,715,0
3,56,715,0
3,56,715,0
3,56,715,0
3,56,715,0
3,56,715,0
3,56,715,0
3,56,715,0
3,56,715,0
3,56,715,0
3,56,715,0
3,56,715,0
3,56,715,0
3,56,715,0
3,56,715,0
3,56,715,0
3,57,715,0
3,57,715,0
3,57,715,0
3,57,715,0
3,57,715,0
3,57,715,0
3,57,715,0
3,57,715,0
3,57,715,0
3,57,715,0
3,57,715,0
3,57,715,0
3,57,715,0
3,57,715,0
3,57,715,0
3,57,715,0
3,57,715,0
3,57,715,0
3,57,715,0
3,57,715,0
3,57,715,0
3,57,715,0
3,57,715,0
3,57,715,0
3,57,715,0
3,57,715,0
3,57,715,0
3,57,715,0
3,57,715,0
3,57,715,0
3,57,715,0
3,57,715,0
3,57,715,0
3,57,715,0
3,57,715,0
3,57,715,0
3,57,715,0
3,57,715,0
3,57,715,0
3,57,715,0
3,57,715,0
3,57,715,0
3,57,715,0
3,57,715,0
3,57,715,0
3,57,715,0
3,57,715,0
3,57,715,0
3,57,715,0
3,57,715,0
3,57,715,0
3,57,715,0
3,57,715,0
3,57,715,0
3,57,715,0
3,57,715,0
3,57,715,0
3,57,715,0
3,57,715,0
3,57,715,0
3,57,715,0
3,57,715,0
3,57,715,0
3,57,715,0
3,57,715,0
3,57,715,0
3,57,715,0
3,57,715,0
3,57,715,0
3,57,715,0
3,57,715,0
3,57,715,0
3,57,715,0
3,57,715,0
3,57,715,0
3,57,715,0
3,57,715,0
3,57,715,0
3,57,715,0
3,57,715,0
3,57,715,0
3,57,715,0
3,57,715,0
3,57,715,0
3,57,715,0
3,57,715,0
3,57,715,0
3,57,715,0
3,57,715,0
3,57,715,0
3,57,715,0
3,57,715,0
3,57,715,0
3,57,715,0
3,57,715,0
3,57,715,0
3,57,715,0
3,57,715,0
3,57,715,0
3,57,715,0
3,58,626,0
3,58,622,0
3,58,608,0
3,58,593,0
3,58,576,0
3,58,554,0
3,58,556,0
3,58,542,0
3,58,541,0
3,58,541,0
3,58,541,0
3,58,541,0
3,58,541,0
3,58,541,0
3,58,541,0
3,58,541,0
3,58,541,0
3,58,541,0
3,58,541,0
3,58,541,0
3,58,541,0
3,58,541,0
3,58,541,0
3,58,541,0
3,58,541,0
3,58,541,0
3,58,541,0
3,58,541,0
3,58,541,0
3,58,541,0
3,58,541,0
3,58,541,0
3,58,541,0
3,58,541,0
3,58,541,0
3,58,541,0
3,58,541,0
3,58,541,0
3,58,541,0
3,58,541,0
3,58,541,0
3,58,541,0
3,58,541,0
3,58,541,0
3,58,541,0
3,58,541,0
3,58,541,0
3,58,541,0
3,58,541,0
3,58,541,0
3,58,541,0
3,58,541,0
3,58,541,0
3,58,541,0
3,58,541,0
3,58,541,0
3,58,541,0
3,58,541,0
3,58,541,0
3,58,541,0
3,58,541,0
3,58,541,0
3,58,541,0
3,58,541,0
3,58,541,0
3,58,541,0
3,58,541,0
3,58,541,0
3,58,541,0
3,58,541,0
3,58,541,0
3,58,541,0
3,58,541,0
3,58,541,0
3,58,541,0
3,58,541,0
3,58,541,0
3,58,541,0
3,58,541,0
3,58,541,0
3,58,541,0
3,58,541,0
3,58,541,0
3,58,541,0
3,58,541,0
3,58,541,0
3,58,541,0
3,58,541,0
3,58,541,0
3,58,541,0
3,58,541,0
3,58,541,0
3,58,541,0
3,58,541,0
3,58,541,0
3,58,541,0
3,58,541,0
3,58,541,0
3,58,541,0
3,58,541,0
3,59,530,0
3,59,530,0
3,59,530,0
3,59,530,0
3,59,530,0
3,59,530,0
3,59,530,0
3,59,530,0
3,59,530,0
3,59,530,0
3,59,530,0
3,59,530,0
3,59,530,0
3,59,530,0
3,59,530,0
3,59,530,0
3,59,530,0
3,59,530,0
3,59,530,0
3,59,530,0
3,59,530,0
3,59,530,0
3,59,530,0
3,59,530,0
3,59,530,0
3,59,530,0
3,59,530,0
3,59,530,0
3,59,530,0
3,59,530,0
3,59,530,0
3,59,530,0
3,59,530,0
3,59,530,0
3,59,530,0
3,59,530,0
3,59,530,0
3,59,530,0
3,59,530,0
3,59,530,0
3,59,530,0
3,59,530,0
3,59,530,0
3,59,530,0
3,59,530,0
3,59,530,0
3,59,530,0
3,59,530,0
3,59,530,0
3,59,530,0
3,59,530,0
3,59,530,0
3,59,530,0
3,59,530,0
3,59,530,0
3,59,530,0
3,59,530,0
3,59,530,0
3,59,530,0
3,59,530,0
3,59,530,0
3,59,530,0
3,59,530,0
3,59,530,0
3,59,530,0
3,59,530,0
3,59,530,0
3,59,530,0
3,59,530,0
3,59,530,0
3,59,530,0
3,59,530,0
3,59,530,0
3,59,530,0
3,59,530,0
3,59,530,0
3,59,530,0
3,59,530,0
3,59,530,0
3,59,530,0
3,59,530,0
3,59,530,0
3,59,530,0
3,59,530,0
3,59,530,0
3,59,530,0
3,59,530,0
3,59,530,0
3,59,530,0
3,59,530,0
3,59,530,0
3,59,530,0
3,59,530,0
3,59,530,0
3,59,530,0
3,59,530,0
3,59,530,0
3,59,530,0
3,59,530,0
3,59,530,0
3,60,486,0
3,60,454,0
3,60,433,0
3,60,453,0
3,60,491,0
3,60,481,0
3,60,473,0
3,60,463,0
3,60,460,0
3,60,458,0
3,60,453,0
3,60,449,0
3,60,448,0
3,60,406,0
3,60,405,0
3,60,399,0
3,60,399,0
3,60,399,0
3,60,399,0
3,60,399,0
3,60,399,0
3,60,399,0
3,60,399,0
3,60,399,0
3,60,399,0
3,60,399,0
3,60,399,0
3,60,399,0
3,60,399,0
3,60,399,0
3,60,399,0
3,60,399,0
3,60,399,0
3,60,399,0
3,60,399,0
3,60,399,0
3,60,399,0
3,60,399,0
3,60,399,0
3,60,399,0
3,60,399,0
3,60,399,0
3,60,399,0
3,60,399,0
3,60,399,0
3,60,399,0
3,60,399,0
3,60,399,0
3,60,399,0
3,60,399,0
3,60,399,0
3,60,399,0
3,60,399,0
3,60,399,0
3,60,399,0
3,60,399,0
3,60,399,0
3,60,399,0
3,60,399,0
3,60,399,0
3,60,399,0
3,60,399,0
3,60,399,0
3,60,399,0
3,60,399,0
3,60,399,0
3,60,399,0
3,60,399,0
3,60,399,0
3,60,399,0
3,60,399,0
3,60,399,0
3,60,399,0
3,60,399,0
3,60,399,0
3,60,399,0
3,60,399,0
3,60,399,0
3,60,399,0
3,60,399,0
3,60,399,0
3,60,399,0
3,60,399,0
3,60,399,0
3,60,399,0
3,60,399,0
3,60,399,0
3,60,399,0
3,60,399,0
3,60,399,0
3,60,399,0
3,60,399,0
3,60,399,0
3,60,399,0
3,60,399,0
3,60,399,0
3,60,399,0
3,60,399,0
3,60,399,0
3,60,399,0
3,61,398,0
3,61,398,0
3,61,398,0
3,61,398,0
3,61,398,0
3,61,398,0
3,61,398,0
3,61,398,0
3,61,398,0
3,61,398,0
3,61,398,0
3,61,398,0
3,61,398,0
3,61,398,0
3,61,398,0
3,61,398,0
3,61,398,0
3,61,398,0
3,61,398,0
3,61,398,0
3,61,398,0
3,61,398,0
3,61,398,0
3,61,398,0
3,61,398,0
3,61,398,0
3,61,398,0
3,61,398,0
3,61,398,0
3,61,398,0
3,61,398,0
3,61,398,0
3,61,398,0
3,61,398,0
3,61,398,0
3,61,398,0
3,61,398,0
3,61,398,0
3,61,398,0
3,61,398,0
3,61,398,0
3,61,398,0
3,61,398,0
3,61,398,0
3,61,398,0
3,61,398,0
3,61,398,0
3,61,398,0
3,61,398,0
3,61,398,0
3,61,398,0
3,61,398,0
3,61,398,0
3,61,398,0
3,61,398,0
3,61,398,0
3,61,398,0
3,61,398,0
3,61,398,0
3,61,398,0
3,61,398,0
3,61,398,0
3,61,398,0
3,61,398,0
3,61,398,0
3,61,398,0
3,61,398,0
3,61,398,0
3,61,398,0
3,61,398,0
3,61,398,0
3,61,398,0
3,61,398,0
3,61,398,0
3,61,398,0
3,61,398,0
3,61,398,0
3,61,398,0
3,61,398,0
3,61,398,0
3,61,398,0
3,61,398,0
3,61,398,0
3,61,398,0
3,61,398,0
3,61,398,0
3,61,398,0
3,61,398,0
3,61,398,0
3,61,398,0
3,61,398,0
3,61,398,0
3,61,398,0
3,61,398,0
3,61,398,0
3,61,398,0
3,61,398,0
3,61,398,0
3,61,398,0
3,61,398,0
3,62,398,0
3,62,398,0
3,62,398,0
3,62,398,0
3,62,398,0
3,62,398,0
3,62,398,0
3,62,398,0
3,62,398,0
3,62,398,0
3,62,398,0
3,62,398,0
3,62,398,0
3,62,398,0
3,62,398,0
3,62,398,0
3,62,398,0
3,62,398,0
3,62,398,0
3,62,398,0
3,62,398,0
3,62,398,0
3,62,398,0
3,62,398,0
3,62,398,0
3,62,398,0
3,62,398,0
3,62,398,0
3,62,398,0
3,62,398,0
3,62,398,0
3,62,398,0
3,62,398,0
3,62,398,0
3,62,398,0
3,62,398,0
3,62,398,0
3,62,398,0
3,62,398,0
3,62,398,0
3,62,398,0
3,62,398,0
3,62,398,0
3,62,398,0
3,62,398,0
3,62,398,0
3,62,398,0
3,62,398,0
3,62,398,0
3,62,398,0
3,62,398,0
3,62,398,0
3,62,398,0
3,62,398,0
3,62,398,0
3,62,398,0
3,62,398,0
3,62,398,0
3,62,398,0
3,62,398,0
3,62,398,0
3,62,398,0
3,62,398,0
3,62,398,0
3,62,398,0
3,62,398,0
3,62,398,0
3,62,398,0
3,62,398,0
3,62,398,0
3,62,398,0
3,62,398,0
3,62,398,0
3,62,398,0
3,62,398,0
3,62,398,0
3,62,398,0
3,62,398,0
3,62,398,0
3,62,398,0
3,62,398,0
3,62,398,0
3,62,398,0
3,62,398,0
3,62,398,0
3,62,398,0
3,62,398,0
3,62,398,0
3,62,398,0
3,62,398,0
3,62,398,0
3,62,398,0
3,62,398,0
3,62,398,0
3,62,398,0
3,62,398,0
3,62,398,0
3,62,398,0
3,62,398,0
3,62,398,0
3,63,371,0
3,63,371,0
3,63,371,0
3,63,371,0
3,63,371,0
3,63,371,0
3,63,371,0
3,63,371,0
3,63,371,0
3,63,371,0
3,63,371,0
3,63,371,0
3,63,371,0
3,63,371,0
3,63,371,0
3,63,371,0
3,63,371,0
3,63,371,0
3,63,371,0
3,63,371,0
3,63,371,0
3,63,371,0
3,63,371,0
3,63,371,0
3,63,371,0
3,63,371,0
3,63,371,0
3,63,371,0
3,63,371,0
3,63,371,0
3,63,371,0
3,63,371,0
3,63,371,0
3,63,371,0
3,63,371,0
3,63,371,0
3,63,371,0
3,63,371,0
3,63,371,0
3,63,371,0
3,63,371,0
3,63,371,0
3,63,371,0
3,63,371,0
3,63,371,0
3,63,371,0
3,63,371,0
3,63,371,0
3,63,371,0
3,63,371,0
3,63,371,0
3,63,371,0
3,63,371,0
3,63,371,0
3,63,371,0
3,63,371,0
3,63,371,0
3,63,371,0
3,63,371,0
3,63,371,0
3,63,371,0
3,63,371,0
3,63,371,0
3,63,371,0
3,63,371,0
3,63,371,0
3,63,371,0
3,63,371,0
3,63,371,0
3,63,371,0
3,63,371,0
3,63,371,0
3,63,371,0
3,63,371,0
3,63,371,0
3,63,371,0
3,63,371,0
3,63,371,0
3,63,371,0
3,63,371,0
3,63,371,0
3,63,371,0
3,63,371,0
3,63,371,0
3,63,371,0
3,63,371,0
3,63,371,0
3,63,371,0
3,63,371,0
3,63,371,0
3,63,371,0
3,63,371,0
3,63,371,0
3,63,371,0
3,63,371,0
3,63,371,0
3,63,371,0
3,63,371,0
3,63,371,0
3,63,371,0
3,64,371,0
3,64,371,0
3,64,371,0
3,64,371,0
3,64,371,0
3,64,371,0
3,64,371,0
3,64,371,0
3,64,371,0
3,64,371,0
3,64,371,0
3,64,371,0
3,64,371,0
3,64,371,0
3,64,371,0
3,64,371,0
3,64,371,0
3,64,371,0
3,64,371,0
3,64,371,0
3,64,371,0
3,64,371,0
3,64,371,0
3,64,371,0
3,64,371,0
3,64,371,0
3,64,371,0
3,64,371,0
3,64,371,0
3,64,371,0
3,64,371,0
3,64,371,0
3,64,371,0
3,64,371,0
3,64,371,0
3,64,371,0
3,64,371,0
3,64,371,0
3,64,371,0
3,64,371,0
3,64,371,0
3,64,371,0
3,64,371,0
3,64,371,0
3,64,371,0
3,64,371,0
3,64,371,0
3,64,371,0
3,64,371,0
3,64,371,0
3,64,371,0
3,64,371,0
3,64,371,0
3,64,371,0
3,64,371,0
3,64,371,0
3,64,371,0
3,64,371,0
3,64,371,0
3,64,371,0
3,64,371,0
3,64,371,0
3,64,371,0
3,64,371,0
3,64,371,0
3,64,371,0
3,64,371,0
3,64,371,0
3,64,371,0
3,64,371,0
3,64,371,0
3,64,371,0
3,64,371,0
3,64,371,0
3,64,371,0
3,64,371,0
3,64,371,0
3,64,371,0
3,64,371,0
3,64,371,0
3,64,371,0
3,64,371,0
3,64,371,0
3,64,371,0
3,64,371,0
3,64,371,0
3,64,371,0
3,64,371,0
3,64,371,0
3,64,371,0
3,64,371,0
3,64,371,0
3,64,371,0
3,64,371,0
3,64,371,0
3,64,371,0
3,64,371,0
3,64,371,0
3,64,371,0
3,64,371,0
3,65,319,0
3,65,319,0
3,65,319,0
3,65,319,0
3,65,319,0
3,65,319,0
3,65,319,0
3,65,319,0
3,65,319,0
3,65,319,0
3,65,319,0
3,65,319,0
3,65,319,0
3,65,319,0
3,65,319,0
3,65,319,0
3,65,319,0
3,65,319,0
3,65,319,0
3,65,319,0
3,65,319,0
3,65,319,0
3,65,319,0
3,65,319,0
3,65,319,0
3,65,319,0
3,65,319,0
3,65,319,0
3,65,319,0
3,65,319,0
3,65,319,0
3,65,319,0
3,65,319,0
3,65,319,0
3,65,319,0
3,65,319,0
3,65,319,0
3,65,319,0
3,65,319,0
3,65,319,0
3,65,319,0
3,65,319,0
3,65,319,0
3,65,319,0
3,65,319,0
3,65,319,0
3,65,319,0
3,65,319,0
3,65,319,0
3,65,319,0
3,65,319,0
3,65,319,0
3,65,319,0
3,65,319,0
3,65,319,0
3,65,319,0
3,65,319,0
3,65,319,0
3,65,319,0
3,65,319,0
3,65,319,0
3,65,319,0
3,65,319,0
3,65,319,0
3,65,319,0
3,65,319,0
3,65,319,0
3,65,319,0
3,65,319,0
3,65,319,0
3,65,319,0
3,65,319,0
3,65,319,0
3,65,319,0
3,65,319,0
3,65,319,0
3,65,319,0
3,65,319,0
3,65,319,0
3,65,319,0
3,65,319,0
3,65,319,0
3,65,319,0
3,65,319,0
3,65,319,0
3,65,319,0
3,65,319,0
3,65,319,0
3,65,319,0
3,65,319,0
3,65,319,0
3,65,319,0
3,65,319,0
3,65,319,0
3,65,319,0
3,65,319,0
3,65,319,0
3,65,319,0
3,65,319,0
3,65,319,0
3,66,319,0
3,66,319,0
3,66,319,0
3,66,319,0
3,66,319,0
3,66,319,0
3,66,319,0
3,66,319,0
3,66,319,0
3,66,319,0
3,66,319,0
3,66,319,0
3,66,319,0
3,66,319,0
3,66,319,0
3,66,319,0
3,66,319,0
3,66,319,0
3,66,319,0
3,66,319,0
3,66,319,0
3,66,319,0
3,66,319,0
3,66,319,0
3,66,319,0
3,66,319,0
3,66,319,0
3,66,319,0
3,66,319,0
3,66,319,0
3,66,319,0
3,66,319,0
3,66,319,0
3,66,319,0
3,66,319,0
3,66,319,0
3,66,319,0
3,66,319,0
3,66,319,0
3,66,319,0
3,66,319,0
3,66,319,0
3,66,319,0
3,66,319,0
3,66,319,0
3,66,319,0
3,66,319,0
3,66,319,0
3,66,319,0
3,66,319,0
3,66,319,0
3,66,319,0
3,66,319,0
3,66,319,0
3,66,319,0
3,66,319,0
3,66,319,0
3,66,319,0
3,66,319,0
3,66,319,0
3,66,319,0
3,66,319,0
3,66,319,0
3,66,319,0
3,66,319,0
3,66,319,0
3,66,319,0
3,66,319,0
3,66,319,0
3,66,319,0
3,66,319,0
3,66,319,0
3,66,319,0
3,66,319,0
3,66,319,0
3,66,319,0
3,66,319,0
3,66,319,0
3,66,319,0
3,66,319,0
3,66,319,0
3,66,319,0
3,66,319,0
3,66,319,0
3,66,319,0
3,66,319,0
3,66,319,0
3,66,319,0
3,66,319,0
3,66,319,0
3,66,319,0
3,66,319,0
3,66,319,0
3,66,319,0
3,66,319,0
3,66,319,0
3,66,319,0
3,66,319,0
3,66,319,0
3,66,319,0
3,67,225,0
3,67,217,0
3,67,206,0
3,67,211,0
3,67,211,0
3,67,211,0
3,67,211,0
3,67,211,0
3,67,211,0
3,67,211,0
3,67,211,0
3,67,211,0
3,67,211,0
3,67,211,0
3,67,211,0
3,67,211,0
3,67,211,0
3,67,211,0
3,67,211,0
3,67,211,0
3,67,211,0
3,67,211,0
3,67,211,0
3,67,211,0
3,67,211,0
3,67,211,0
3,67,211,0
3,67,211,0
3,67,211,0
3,67,211,0
3,67,211,0
3,67,211,0
3,67,211,0
3,67,211,0
3,67,211,0
3,67,211,0
3,67,211,0
3,67,211,0
3,67,211,0
3,67,211,0
3,67,211,0
3,67,211,0
3,67,211,0
3,67,211,0
3,67,211,0
3,67,211,0
3,67,211,0
3,67,211,0
3,67,211,0
3,67,211,0
3,67,211,0
3,67,211,0
3,67,211,0
3,67,211,0
3,67,211,0
3,67,211,0
3,67,211,0
3,67,211,0
3,67,211,0
3,67,211,0
3,67,211,0
3,67,211,0
3,67,211,0
3,67,211,0
3,67,211,0
3,67,211,0
3,67,211,0
3,67,211,0
3,67,211,0
3,67,211,0
3,67,211,0
3,67,211,0
3,67,211,0
3,67,211,0
3,67,211,0
3,67,211,0
3,67,211,0
3,67,211,0
3,67,211,0
3,67,211,0
3,67,211,0
3,67,211,0
3,67,211,0
3,67,211,0
3,67,211,0
3,67,211,0
3,67,211,0
3,67,211,0
3,67,211,0
3,67,211,0
3,67,211,0
3,67,211,0
3,67,211,0
3,67,211,0
3,67,211,0
3,67,211,0
3,67,211,0
3,67,211,0
3,67,211,0
3,67,211,0
3,68,211,0
3,68,211,0
3,68,211,0
3,68,211,0
3,68,211,0
3,68,211,0
3,68,211,0
3,68,211,0
3,68,211,0
3,68,211,0
3,68,211,0
3,68,211,0
3,68,211,0
3,68,211,0
3,68,211,0
3,68,211,0
3,68,211,0
3,68,211,0
3,68,211,0
3,68,211,0
3,68,211,0
3,68,211,0
3,68,211,0
3,68,211,0
3,68,211,0
3,68,211,0
3,68,211,0
3,68,211,0
3,68,211,0
3,68,211,0
3,68,211,0
3,68,211,0
3,68,211,0
3,68,211,0
3,68,211,0
3,68,211,0
3,68,211,0
3,68,211,0
3,68,211,0
3,68,211,0
3,68,211,0
3,68,211,0
3,68,211,0
3,68,211,0
3,68,211,0
3,68,211,0
3,68,211,0
3,68,211,0
3,68,211,0
3,68,211,0
3,68,211,0
3,68,211,0
3,68,211,0
3,68,211,0
3,68,211,0
3,68,211,0
3,68,211,0
3,68,211,0
3,68,211,0
3,68,211,0
3,68,211,0
3,68,211,0
3,68,211,0
3,68,211,0
3,68,211,0
3,68,211,0
3,68,211,0
3,68,211,0
3,68,211,0
3,68,211,0
3,68,211,0
3,68,211,0
3,68,211,0
3,68,211,0
3,68,211,0
3,68,211,0
3,68,211,0
3,68,211,0
3,68,211,0
3,68,211,0
3,68,211,0
3,68,211,0
3,68,211,0
3,68,211,0
3,68,211,0
3,68,211,0
3,68,211,0
3,68,211,0
3,68,211,0
3,68,211,0
3,68,211,0
3,68,211,0
3,68,211,0
3,68,211,0
3,68,211,0
3,68,211,0
3,68,211,0
3,68,211,0
3,68,211,0
3,68,211,0
3,69,210,0
3,69,210,0
3,69,210,0
3,69,210,0
3,69,210,0
3,69,210,0
3,69,210,0
3,69,210,0
3,69,210,0
3,69,210,0
3,69,210,0
3,69,210,0
3,69,210,0
3,69,210,0
3,69,210,0
3,69,210,0
3,69,210,0
3,69,210,0
3,69,210,0
3,69,210,0
3,69,210,0
3,69,210,0
3,69,210,0
3,69,210,0
3,69,210,0
3,69,210,0
3,69,210,0
3,69,210,0
3,69,210,0
3,69,210,0
3,69,210,0
3,69,210,0
3,69,210,0
3,69,210,0
3,69,210,0
3,69,210,0
3,69,210,0
3,69,210,0
3,69,210,0
3,69,210,0
3,69,210,0
3,69,210,0
3,69,210,0
3,69,210,0
3,69,210,0
3,69,210,0
3,69,210,0
3,69,210,0
3,69,210,0
3,69,210,0
3,69,210,0
3,69,210,0
3,69,210,0
3,69,210,0
3,69,210,0
3,69,210,0
3,69,210,0
3,69,210,0
3,69,210,0
3,69,210,0
3,69,210,0
3,69,210,0
3,69,210,0
3,69,210,0
3,69,210,0
3,69,210,0
3,69,210,0
3,69,210,0
3,69,210,0
3,69,210,0
3,69,210,0
3,69,210,0
3,69,210,0
3,69,210,0
3,69,210,0
3,69,210,0
3,69,210,0
3,69,210,0
3,69,210,0
3,69,210,0
3,69,210,0
3,69,210,0
3,69,210,0
3,69,210,0
3,69,210,0
3,69,210,0
3,69,210,0
3,69,210,0
3,69,210,0
3,69,210,0
3,69,210,0
3,69,210,0
3,69,210,0
3,69,210,0
3,69,210,0
3,69,210,0
3,69,210,0
3,69,210,0
3,69,210,0
3,69,210,0
3,70,210,0
3,70,210,0
3,70,210,0
3,70,210,0
3,70,210,0
3,70,210,0
3,70,210,0
3,70,210,0
3,70,210,0
3,70,210,0
3,70,210,0
3,70,210,0
3,70,210,0
3,70,210,0
3,70,210,0
3,70,210,0
3,70,210,0
3,70,210,0
3,70,210,0
3,70,210,0
3,70,210,0
3,70,210,0
3,70,210,0
3,70,210,0
3,70,210,0
3,70,210,0
3,70,210,0
3,70,210,0
3,70,210,0
3,70,210,0
3,70,210,0
3,70,210,0
3,70,210,0
3,70,210,0
3,70,210,0
3,70,210,0
3,70,210,0
3,70,210,0
3,70,210,0
3,70,210,0
3,70,210,0
3,70,210,0
3,70,210,0
3,70,210,0
3,70,210,0
3,70,210,0
3,70,210,0
3,70,210,0
3,70,210,0
3,70,210,0
3,70,210,0
3,70,210,0
3,70,210,0
3,70,210,0
3,70,210,0
3,70,210,0
3,70,210,0
3,70,210,0
3,70,210,0
3,70,210,0
3,70,210,0
3,70,210,0
3,70,210,0
3,70,210,0
3,70,210,0
3,70,210,0
3,70,210,0
3,70,210,0
3,70,210,0
3,70,210,0
3,70,210,0
3,70,210,0
3,70,210,0
3,70,210,0
3,70,210,0
3,70,210,0
3,70,210,0
3,70,210,0
3,70,210,0
3,70,210,0
3,70,210,0
3,70,210,0
3,70,210,0
3,70,210,0
3,70,210,0
3,70,210,0
3,70,210,0
3,70,210,0
3,70,210,0
3,70,210,0
3,70,210,0
3,70,210,0
3,70,210,0
3,70,210,0
3,70,210,0
3,70,210,0
3,70,210,0
3,70,210,0
3,70,210,0
3,67,206,0
3,67,206,1
