ID,X,Y,Channel,UF,Connected EDs
2003,-251.16,398.52,0,0.03,286
2002,49.70,411.30,1,0.04,382
2000,-332.43,-96.52,2,0.05,563
2001,215.59,-133.47,3,0.08,769
ID,X,Y,Period,GW ID,Dist. GW,SF
0,340.19,-105.62,3200,2001,127.67,9
1,298.44,411.65,16000,2002,248.74,9
2,-164.78,268.23,8000,2003,156.32,9
3,53.97,-22.60,4000,2001,195.99,9
4,-135.22,13.40,3200,2000,225.78,9
5,416.20,135.71,4000,2001,335.71,10
6,-358.40,106.97,16000,2000,205.14,9
7,-257.11,-362.77,3200,2000,276.70,10
8,-343.32,-99.06,16000,2000,11.18,7
9,-391.19,498.92,16000,2003,172.31,9
10,12.93,339.11,4000,2002,81.01,8
11,-203.97,137.55,4000,2003,265.20,10
12,-6.42,472.78,8000,2002,83.24,8
13,271.36,26.74,3200,2001,169.65,9
14,-99.77,391.53,8000,2002,150.78,9
15,-147.54,307.72,3200,2003,137.77,9
16,-430.24,449.33,4000,2003,186.15,9
17,-413.94,-307.79,4000,2000,226.44,9
18,390.23,-151.11,16000,2001,175.53,9
19,-479.98,-42.30,16000,2000,157.19,9
20,-261.72,470.63,3200,2003,72.88,8
21,350.92,-233.33,4000,2001,168.19,9
22,-124.79,260.25,4000,2003,187.31,9
23,167.72,31.61,16000,2001,171.88,9
24,-62.36,431.84,3200,2002,113.93,8
25,220.95,-215.71,4000,2001,82.41,8
26,139.98,-145.95,4000,2001,76.63,8
27,-334.03,-59.90,3200,2000,36.66,7
28,329.20,-169.66,16000,2001,119.24,8
29,393.37,-149.64,4000,2001,178.52,9
30,456.47,88.64,4000,2001,327.65,10
31,358.68,-60.44,3200,2001,160.65,9
32,-101.56,314.77,4000,2003,171.44,9
33,410.97,-17.51,16000,2001,227.20,9
34,450.25,420.13,16000,2002,400.65,10
35,381.06,141.08,8000,2001,320.56,10
36,119.60,-218.94,3200,2001,128.53,9
37,-192.54,-52.97,16000,2000,146.52,9
38,-312.47,-223.77,4000,2000,128.80,9
39,-83.50,-330.39,3200,2000,341.56,10
40,-396.83,-373.92,8000,2000,284.78,10
41,260.48,484.75,3200,2002,223.21,9
42,184.45,-116.81,4000,2001,35.32,7
43,-131.34,-205.84,16000,2000,228.89,9
44,84.49,-255.59,16000,2001,179.16,9
45,232.15,-374.53,3200,2001,241.62,9
46,-335.90,245.07,16000,2003,175.29,9
47,450.10,-447.47,4000,2001,391.91,10
48,-323.79,-259.94,3200,2000,163.65,9
49,232.65,156.56,3200,2001,290.54,10
50,139.46,259.73,16000,2002,176.15,9
51,-365.10,20.21,16000,2000,121.21,8
52,-430.09,-295.34,8000,2000,221.51,9
53,319.68,73.32,3200,2001,231.51,9
54,-448.06,-342.19,3200,2000,271.52,10
55,-295.67,389.96,16000,2003,45.33,7
56,497.80,-445.94,3200,2001,421.05,10
57,-427.67,-495.84,3200,2000,410.52,10
58,93.89,-319.63,16000,2001,222.41,9
59,-108.31,413.03,3200,2003,143.58,9
60,-140.90,52.49,4000,2000,242.66,9
61,-47.42,187.39,16000,2002,244.07,9
62,30.81,257.29,8000,2002,155.16,9
63,492.23,76.97,3200,2001,347.59,10
64,247.81,128.91,16000,2001,264.35,10
65,247.80,333.24,3200,2002,212.92,9
66,373.27,331.04,3200,2002,333.37,10
67,243.81,403.37,3200,2002,194.27,9
68,166.88,-2.74,16000,2001,139.51,9
69,330.01,388.95,16000,2002,281.20,10
70,149.71,-251.96,4000,2001,135.57,9
71,-270.86,200.62,8000,2003,198.88,9
72,-171.22,-268.57,16000,2000,235.78,9
73,133.07,-276.34,4000,2001,164.99,9
74,10.69,471.47,8000,2002,71.71,8
75,46.11,219.27,16000,2002,192.06,9
76,-28.52,92.54,3200,2002,328.21,10
77,-49.08,-163.65,3200,2001,266.39,10
78,-65.49,-496.77,8000,2001,459.33,10
79,98.48,333.24,16000,2002,92.04,8
80,175.48,-17.05,8000,2001,123.14,8
81,-195.04,212.09,16000,2003,194.69,9
82,121.82,-459.14,8000,2001,338.89,10
83,195.98,173.94,4000,2002,278.82,10
84,-152.88,-315.38,4000,2000,283.08,10
85,127.16,230.73,8000,2002,196.48,9
86,240.44,-297.79,3200,2001,166.18,9
87,184.76,153.13,8000,2001,288.26,10
88,32.44,-412.36,8000,2001,333.65,10
89,377.38,186.12,16000,2001,358.22,10
90,-388.72,-138.40,4000,2000,70.16,8
91,93.21,166.56,8000,2002,248.58,9
92,275.77,-211.62,8000,2001,98.63,8
93,-310.25,484.36,16000,2003,104.22,8
94,327.39,-168.52,16000,2001,117.17,8
95,-63.50,458.64,3200,2002,122.70,8
96,264.87,199.08,16000,2002,302.22,10
97,185.79,-116.17,3200,2001,34.46,7
98,443.05,416.27,3200,2002,393.38,10
99,-296.45,293.66,4000,2003,114.23,8
100,-202.71,404.93,3200,2003,48.87,7
101,373.98,-1.86,4000,2001,205.94,9
102,-337.24,-226.09,3200,2000,129.66,9
103,-7.60,-36.34,3200,2001,243.41,9
104,-4.02,-208.95,16000,2001,232.22,9
105,184.18,227.55,16000,2002,227.70,9
106,103.11,-7.58,3200,2001,168.82,9
107,224.25,-321.79,16000,2001,188.52,9
108,-1.47,-378.74,16000,2001,327.53,10
109,-139.56,-175.19,3200,2000,208.30,9
110,408.48,122.10,3200,2001,320.19,10
111,318.13,-3.93,8000,2001,165.22,9
112,-105.67,158.83,4000,2003,280.39,10
113,-241.09,-348.77,16000,2000,268.28,10
114,-392.15,147.21,8000,2000,250.94,10
115,-211.73,-168.61,16000,2000,140.59,9
116,-72.67,434.49,4000,2002,124.55,8
117,-234.54,158.75,3200,2003,240.35,9
118,-12.57,-342.73,3200,2001,309.59,10
119,125.67,17.71,16000,2001,175.91,9
120,57.56,-73.80,3200,2001,168.92,9
121,-105.61,-255.67,8000,2000,277.09,10
122,229.36,138.65,3200,2001,272.47,10
123,-161.76,397.56,16000,2003,89.41,8
124,-89.21,-494.59,3200,2000,466.49,10
125,274.39,-206.32,16000,2001,93.62,8
126,365.53,221.01,16000,2002,368.73,10
127,-50.89,486.47,4000,2002,125.58,9
128,-289.12,-26.11,3200,2000,82.67,8
129,-406.08,-400.44,8000,2000,312.72,10
130,-198.24,157.12,3200,2003,247.13,9
131,-368.30,-448.49,16000,2000,353.79,10
132,-42.28,280.87,4000,2002,159.60,9
133,-57.44,-380.89,4000,2001,368.46,10
134,78.63,29.90,4000,2001,213.18,9
135,-138.08,-195.71,3200,2000,218.20,9
136,-23.42,-330.18,4000,2001,309.54,10
137,25.75,118.93,4000,2002,293.35,10
138,-266.34,329.81,16000,2003,70.37,8
139,-401.16,423.73,16000,2003,152.11,9
140,-18.27,-274.51,3200,2001,273.09,10
141,-209.17,-142.81,3200,2000,131.67,9
142,-155.75,314.91,4000,2003,126.86,9
143,-463.67,-242.53,3200,2000,196.32,9
144,125.96,336.10,8000,2002,107.10,8
145,-278.99,-301.98,4000,2000,212.30,9
146,-390.27,174.61,3200,2003,263.61,10
147,219.46,-299.65,8000,2001,166.22,9
148,-184.34,-65.99,16000,2000,151.21,9
149,-114.25,32.85,16000,2000,253.65,10
150,55.40,-485.42,8000,2001,386.69,10
151,-117.83,-194.59,4000,2000,235.95,9
152,-239.56,149.66,4000,2003,249.13,9
153,419.59,185.99,3200,2001,379.04,10
154,197.85,-188.05,4000,2001,57.39,7
155,-494.00,32.96,3200,2000,207.04,9
156,118.45,142.69,4000,2002,277.26,10
157,-99.29,-137.85,4000,2000,236.78,9
158,301.90,177.81,16000,2001,323.03,10
159,-467.11,-436.44,4000,2000,365.63,10
160,-312.38,118.96,4000,2000,216.41,9
161,67.83,-498.87,16000,2001,394.15,10
162,-194.76,-238.43,4000,2000,197.72,9
163,357.56,-318.84,8000,2001,233.48,9
164,167.34,379.01,4000,2002,121.99,8
165,-186.77,385.01,16000,2003,65.79,8
166,-342.86,3.46,3200,2000,100.52,8
167,175.65,404.17,16000,2002,126.15,9
168,-105.48,206.07,3200,2003,241.37,9
169,47.40,238.96,3200,2002,172.35,9
170,-266.88,426.58,4000,2003,32.16,7
171,433.42,-5.59,4000,2001,252.59,10
172,439.13,299.65,3200,2002,405.12,10
173,94.50,157.20,3200,2002,258.01,10
174,435.85,-175.46,3200,2001,224.23,9
175,89.16,137.77,3200,2002,276.36,10
176,275.42,294.91,8000,2002,253.96,10
177,104.38,-29.44,16000,2001,152.29,9
178,295.49,365.09,3200,2002,250.09,10
179,164.41,-87.52,4000,2001,68.78,8
180,96.90,145.60,4000,2002,269.86,10
181,-351.66,79.02,16000,2000,176.59,9
182,200.91,18.15,3200,2001,152.33,9
183,15.05,-387.35,8000,2001,323.53,10
184,10.35,-451.50,3200,2001,378.50,10
185,-115.34,137.66,8000,2003,294.10,10
186,-356.02,-86.92,16000,2000,25.46,7
187,-93.23,-482.54,4000,2000,454.13,10
188,73.72,312.95,4000,2002,101.24,8
189,-53.26,-22.64,3200,2000,288.79,10
190,-441.28,-425.74,4000,2000,346.74,10
191,97.28,-277.40,16000,2001,186.31,9
192,130.24,423.51,4000,2002,81.46,8
193,-37.15,-61.44,3200,2001,262.80,10
194,452.66,448.91,3200,2002,404.71,10
195,267.01,-166.43,4000,2001,61.08,7
196,-280.86,-22.45,3200,2000,90.26,8
197,-33.83,384.32,3200,2002,87.78,8
198,-316.23,-41.96,3200,2000,56.91,7
199,266.45,404.78,8000,2002,216.84,9
200,261.61,463.50,8000,2002,218.25,9
201,-97.62,60.78,4000,2000,282.63,10
202,122.17,-308.97,8000,2001,198.82,9
203,-139.89,153.88,3200,2003,268.75,10
204,-289.31,106.54,3200,2000,207.59,9
205,-390.22,-126.44,16000,2000,65.08,8
206,146.52,92.69,4000,2001,236.48,9
207,96.34,-441.14,4000,2001,329.97,10
208,63.62,-257.37,16000,2001,196.08,9
209,-156.16,-490.93,3200,2000,432.01,10
210,101.43,270.69,3200,2002,149.82,9
211,433.27,-326.94,8000,2001,291.23,10
212,-12.28,295.23,4000,2002,131.58,9
213,465.68,-344.66,8000,2001,327.33,10
214,382.20,-133.97,3200,2001,166.62,9
215,247.64,-24.19,8000,2001,113.88,8
216,446.64,-377.67,3200,2001,336.18,10
217,123.19,218.67,3200,2002,206.17,9
218,-315.93,-217.72,16000,2000,122.31,8
219,-297.02,126.13,16000,2000,225.44,9
220,-373.33,-272.45,3200,2000,180.62,9
221,-486.13,-339.18,16000,2000,287.24,10
222,-38.15,148.55,3200,2002,277.05,10
223,-399.14,114.23,16000,2000,221.05,9
224,-106.25,-3.57,8000,2000,244.54,9
225,-206.82,-255.93,3200,2000,202.95,9
226,66.16,-309.29,16000,2001,230.74,9
227,-68.16,313.90,3200,2002,152.89,9
228,-143.62,497.97,16000,2003,146.48,9
229,23.55,-299.05,4000,2001,253.57,10
230,199.79,-172.38,3200,2001,42.00,7
231,146.71,-158.52,16000,2001,73.29,8
232,266.70,303.33,4000,2002,242.37,9
233,181.92,404.19,8000,2002,132.41,9
234,252.48,-202.07,3200,2001,77.88,8
235,-310.94,91.11,16000,2000,188.86,9
236,-398.55,-342.72,16000,2000,254.93,10
237,-363.83,89.12,16000,2000,188.28,9
238,389.55,445.50,16000,2002,341.57,10
239,425.22,-30.95,8000,2001,233.36,9
240,87.01,-331.16,4000,2001,235.83,9
241,-23.65,315.55,3200,2002,120.61,8
242,26.52,82.25,4000,2001,286.85,10
243,-274.76,-235.83,4000,2000,150.77,9
244,38.18,-483.35,3200,2001,392.29,10
245,-152.45,-294.29,4000,2000,267.40,10
246,-99.01,-192.83,4000,2000,252.51,10
247,145.13,-56.66,8000,2001,104.23,8
248,203.19,-167.11,16000,2001,35.85,7
249,259.21,-241.89,4000,2001,116.86,8
250,-483.82,345.12,3200,2003,238.71,9
251,100.76,-178.52,4000,2001,123.35,8
252,26.83,348.00,8000,2002,67.30,8
253,-243.77,-426.76,4000,2000,341.94,10
254,389.81,111.41,4000,2001,300.54,10
255,321.33,458.96,4000,2002,275.78,10
256,-156.04,-140.06,16000,2000,181.69,9
257,-476.14,-494.92,8000,2000,423.53,10
258,-207.11,208.26,3200,2003,195.29,9
259,7.41,-32.53,16000,2001,231.36,9
260,-309.02,-16.35,3200,2000,83.52,8
261,-456.61,-415.59,16000,2000,342.38,10
262,211.35,111.24,16000,2001,244.75,9
263,461.57,367.47,16000,2002,414.19,10
264,-24.05,257.28,3200,2002,170.76,9
265,-493.02,78.61,4000,2000,237.61,9
266,243.73,422.57,16000,2002,194.35,9
267,287.64,446.44,16000,2002,240.52,9
268,-225.10,-260.68,3200,2000,196.13,9
269,-404.96,246.73,8000,2003,216.09,9
270,-326.70,437.71,3200,2003,85.10,8
271,-403.32,481.11,3200,2003,173.13,9
272,-158.46,192.46,8000,2003,225.95,9
273,-65.60,154.03,8000,2002,281.93,10
274,100.49,-370.02,16000,2001,263.07,10
275,-122.00,-363.04,4000,2000,339.58,10
276,-385.54,380.68,4000,2003,135.56,9
277,-289.14,168.33,4000,2003,233.31,9
278,-187.66,443.22,3200,2003,77.66,8
279,-377.91,-461.74,4000,2000,368.04,10
280,-100.70,-288.43,8000,2000,300.88,10
281,-339.84,-191.75,8000,2000,95.52,8
282,-494.57,149.79,16000,2000,294.88,10
283,-38.05,-415.82,3200,2001,379.54,10
284,285.93,184.68,3200,2001,325.83,10
285,367.20,-437.33,16000,2001,339.58,10
286,27.07,-322.87,3200,2001,267.22,10
287,-390.48,-112.00,4000,2000,60.07,7
288,138.41,200.34,4000,2002,228.85,9
289,-93.38,322.43,4000,2002,168.44,9
290,421.55,-278.27,3200,2001,251.77,10
291,-125.80,-118.11,16000,2000,207.76,9
292,307.96,-112.68,4000,2001,94.68,8
293,434.18,349.27,3200,2002,389.45,10
294,214.43,135.20,4000,2001,268.68,10
295,124.66,2.40,4000,2001,163.49,9
296,171.84,-470.52,3200,2001,339.88,10
297,99.71,-361.00,16000,2001,255.34,10
298,-304.10,277.41,3200,2003,132.18,9
299,235.31,-315.97,4000,2001,183.56,9
300,-187.01,-394.42,3200,2000,331.50,10
301,-397.77,-20.22,8000,2000,100.45,8
302,-300.28,-212.26,4000,2000,120.13,8
303,447.00,-278.08,4000,2001,272.88,10
304,278.46,436.35,16000,2002,230.13,9
305,-205.40,61.01,4000,2000,202.37,9
306,373.41,-267.15,4000,2001,206.83,9
307,129.36,332.55,3200,2002,112.01,8
308,273.30,-471.55,4000,2001,342.97,10
309,117.58,263.76,3200,2002,162.40,9
310,-215.71,-423.25,3200,2000,346.95,10
311,-327.28,-321.01,8000,2000,224.55,9
312,-56.96,-121.29,4000,2001,272.82,10
313,-399.31,-174.29,3200,2000,102.57,8
314,107.60,-395.83,3200,2001,283.71,10
315,249.72,-101.22,8000,2001,46.95,7
316,-105.76,-227.81,4000,2000,261.95,10
317,-431.77,401.55,8000,2003,180.63,9
318,381.23,174.85,8000,2001,350.00,10
319,-28.36,-207.57,16000,2001,254.96,10
320,-253.93,76.72,8000,2000,190.20,9
321,-373.92,249.44,8000,2003,193.12,9
322,-14.13,-307.51,3200,2001,288.21,10
323,-366.61,-206.83,16000,2000,115.48,8
324,-497.17,400.77,8000,2003,246.02,9
325,308.62,150.49,4000,2001,298.81,10
326,-324.59,-455.27,3200,2000,358.84,10
327,275.06,-387.04,3200,2001,260.44,10
328,-292.74,494.20,4000,2003,104.32,8
329,167.91,-34.17,3200,2001,110.16,8
330,392.32,211.91,8000,2001,387.97,10
331,-306.51,337.99,16000,2003,82.02,8
332,173.65,-176.15,8000,2001,59.84,7
333,32.51,-42.76,4000,2001,204.32,9
334,217.09,-39.93,4000,2001,93.55,8
335,-494.16,-231.32,16000,2000,210.53,9
336,193.37,-55.90,16000,2001,80.69,8
337,153.09,-280.85,8000,2001,160.08,9
338,14.35,-73.59,8000,2001,209.96,9
339,-449.53,-405.68,3200,2000,330.59,10
340,379.01,486.64,4000,2002,337.82,10
341,-215.72,-319.86,8000,2000,252.00,10
342,-61.01,353.78,4000,2002,124.76,8
343,286.19,-113.70,16000,2001,73.31,8
344,-73.45,-396.61,4000,2001,390.87,10
345,467.69,-390.77,3200,2001,360.22,10
346,-340.68,302.60,8000,2003,131.20,9
347,-104.32,-44.31,4000,2000,234.02,9
348,245.01,470.04,3200,2002,203.95,9
349,-411.47,-479.49,16000,2000,391.04,10
350,397.88,399.52,16000,2002,348.38,10
351,-80.86,-316.20,16000,2000,333.99,10
352,278.39,122.79,16000,2001,263.85,10
353,-38.51,-91.02,8000,2001,257.62,10
354,101.83,335.53,4000,2002,91.96,8
355,-297.77,303.23,4000,2003,106.08,8
356,-428.68,462.55,8000,2003,188.72,9
357,-115.49,-141.76,3200,2000,221.61,9
358,416.85,-396.76,3200,2001,331.40,10
359,375.60,-308.23,3200,2001,236.95,9
360,428.68,-410.35,3200,2001,349.38,10
361,468.39,8.80,16000,2001,290.09,10
362,-311.75,-212.81,4000,2000,118.11,8
363,-238.11,248.68,16000,2003,150.41,9
364,221.82,-149.49,3200,2001,17.19,7
365,-214.85,52.74,4000,2000,190.01,9
366,457.71,124.06,4000,2001,353.48,10
367,-67.13,-491.43,3200,2001,456.14,10
368,-136.27,425.42,16000,2003,117.99,8
369,-235.38,301.02,8000,2003,98.76,8
370,-313.97,229.70,8000,2003,180.13,9
371,-493.05,198.10,3200,2003,314.13,10
372,-488.32,386.34,16000,2003,237.47,9
373,139.20,-351.77,3200,2001,231.28,9
374,175.69,370.05,8000,2002,132.57,9
375,47.72,-344.80,3200,2001,269.88,10
376,-277.02,-387.09,8000,2000,295.80,10
377,360.78,45.78,8000,2001,230.68,9
378,356.83,409.51,8000,2002,307.13,10
379,456.11,-325.86,16000,2001,308.00,10
380,-252.83,-139.84,3200,2000,90.62,8
381,127.88,-132.88,4000,2001,87.71,8
382,17.39,-121.20,4000,2001,198.58,9
383,194.09,-482.00,4000,2001,349.19,10
384,119.47,193.69,4000,2002,228.52,9
385,395.35,-258.59,4000,2001,219.02,9
386,223.98,-35.61,3200,2001,98.22,8
387,-323.34,-174.82,8000,2000,78.83,8
388,137.91,-318.00,16000,2001,200.21,9
389,-475.42,-361.89,8000,2000,301.44,10
390,-287.73,-114.72,3200,2000,48.26,7
391,-370.34,-486.84,16000,2000,392.15,10
392,245.15,30.55,4000,2001,166.67,9
393,-253.01,-275.36,4000,2000,195.68,9
394,397.06,344.11,16000,2002,353.79,10
395,-82.83,239.47,8000,2002,217.00,9
396,-407.51,-36.56,3200,2000,96.08,8
397,380.73,140.10,8000,2001,319.55,10
398,-285.26,-222.00,8000,2000,134.05,9
399,-41.73,-197.42,4000,2001,265.15,10
400,375.93,14.85,3200,2001,218.42,9
401,153.76,144.51,3200,2001,284.78,10
402,298.71,-110.33,4000,2001,86.28,8
403,-177.55,136.66,4000,2003,272.01,10
404,364.19,33.71,4000,2001,223.68,9
405,-400.37,450.89,8000,2003,158.14,9
406,76.48,-456.62,3200,2001,351.82,10
407,17.72,424.10,8000,2002,34.45,7
408,284.14,-361.16,4000,2001,237.78,9
409,-267.43,97.11,16000,2000,204.25,9
410,319.10,-26.95,4000,2001,148.53,9
411,290.92,-373.19,16000,2001,251.28,10
412,275.90,425.51,4000,2002,226.64,9
413,-208.57,-252.04,16000,2000,198.82,9
414,-468.39,-387.84,4000,2000,321.49,10
415,115.89,-288.21,4000,2001,184.08,9
416,439.65,288.27,4000,2002,408.90,10
417,226.85,-194.01,4000,2001,61.58,7
418,-345.86,-409.87,3200,2000,313.64,10
419,359.44,-177.31,8000,2001,150.38,9
420,367.32,-358.20,3200,2001,271.16,10
421,-109.95,432.72,3200,2003,145.29,9
422,57.29,208.62,3200,2002,202.82,9
423,-385.80,-499.95,16000,2000,406.95,10
424,-192.24,-468.35,8000,2000,397.38,10
425,-464.96,147.55,8000,2000,277.73,10
426,213.20,87.20,8000,2001,220.68,9
427,-65.26,-185.96,4000,2000,281.75,10
428,-419.62,-31.82,4000,2000,108.57,8
429,364.87,-172.37,3200,2001,154.27,9
430,-253.52,-305.05,16000,2000,222.96,9
431,-398.88,85.00,16000,2000,193.30,9
432,-417.42,-357.71,3200,2000,274.67,10
433,489.54,-243.51,3200,2001,295.23,10
434,-355.53,64.25,3200,2000,162.42,9
435,-88.45,99.29,8000,2000,312.84,10
436,390.42,-187.51,16000,2001,182.99,9
437,-342.45,247.23,8000,2003,176.70,9
438,230.68,327.61,3200,2002,199.39,9
439,-106.07,192.49,16000,2003,251.99,10
440,-120.13,438.96,8000,2003,137.13,9
441,7.62,-459.91,3200,2001,387.06,10
442,68.08,-377.34,16000,2001,285.01,10
443,-162.85,-387.79,8000,2000,337.05,10
444,-393.73,-243.33,3200,2000,159.09,9
445,407.05,168.22,8000,2001,357.32,10
446,-144.63,58.64,3200,2000,243.61,9
447,-109.11,216.20,4000,2003,231.12,9
448,240.45,-53.12,8000,2001,84.11,8
449,58.20,340.80,16000,2002,71.00,8
450,203.57,-279.32,16000,2001,146.34,9
451,-456.11,228.30,16000,2003,266.42,10
452,469.21,-203.63,16000,2001,263.14,10
453,-463.18,133.52,8000,2000,264.60,10
454,-139.09,239.79,4000,2003,194.30,9
455,-250.74,146.84,16000,2003,251.68,10
456,236.90,-497.79,3200,2001,364.94,10
457,37.03,-106.90,8000,2001,180.53,9
458,-415.61,-366.45,3200,2000,282.46,10
459,-40.64,191.75,3200,2002,237.41,9
460,26.83,-104.68,3200,2001,190.95,9
461,33.25,-60.79,4000,2001,196.29,9
462,79.77,-91.58,16000,2001,142.14,9
463,248.94,-54.77,4000,2001,85.48,8
464,-469.68,306.15,8000,2003,237.24,9
465,68.38,-444.59,16000,2001,344.19,10
466,274.66,292.31,16000,2002,254.49,10
467,39.58,-170.66,8000,2001,179.89,9
468,-479.29,-86.27,4000,2000,147.22,9
469,448.71,373.10,8000,2002,400.83,10
470,217.51,-100.08,4000,2001,33.45,7
471,207.00,433.18,16000,2002,158.81,9
472,-75.23,12.94,8000,2000,279.53,10
473,-61.08,-238.12,3200,2001,295.79,10
474,-413.40,-207.79,4000,2000,137.61,9
475,-25.94,360.59,3200,2002,91.07,8
476,8.37,135.25,4000,2002,279.13,10
477,44.89,-325.17,3200,2001,256.69,10
478,474.50,-304.46,8000,2001,310.28,10
479,37.66,-355.75,16000,2001,284.72,10
480,292.57,361.76,4000,2002,247.86,9
481,-57.21,68.75,4000,2000,321.03,10
482,32.22,493.53,16000,2002,84.07,8
483,-469.93,-67.55,8000,2000,140.52,9
484,473.15,19.05,4000,2001,299.33,10
485,222.38,493.11,8000,2002,191.08,9
486,27.02,1.48,16000,2001,231.89,9
487,-376.03,-453.63,8000,2000,359.77,10
488,-449.74,-479.14,8000,2000,400.19,10
489,-109.71,58.52,4000,2000,271.37,10
490,103.41,-148.91,8000,2001,113.24,8
491,-283.54,293.88,16000,2003,109.54,8
492,262.68,-173.90,16000,2001,62.06,7
493,321.84,-143.84,8000,2001,106.76,8
494,-357.11,-170.69,3200,2000,78.17,8
495,256.14,-448.31,3200,2001,317.44,10
496,-270.02,78.70,8000,2000,186.01,9
497,-160.93,202.67,4000,2003,215.63,9
498,122.99,252.94,4000,2002,174.50,9
499,-397.56,-356.78,16000,2000,268.28,10
500,226.14,246.64,8000,2002,241.34,9
501,-288.40,463.09,8000,2003,74.54,8
502,-234.18,225.77,4000,2003,173.58,9
503,-186.44,47.61,3200,2000,205.16,9
504,293.75,190.50,8000,2002,329.11,10
505,292.99,-53.36,8000,2001,111.40,8
506,285.35,176.63,3200,2001,317.85,10
507,-220.82,-484.30,4000,2000,403.52,10
508,319.37,138.69,8000,2001,291.28,10
509,-119.57,241.13,4000,2003,205.15,9
510,0.02,-32.73,8000,2001,237.95,9
511,470.69,178.88,16000,2001,403.29,10
512,-264.75,444.70,3200,2003,48.14,7
513,325.89,-241.74,8000,2001,154.56,9
514,272.71,-447.99,16000,2001,319.66,10
515,-451.17,345.00,4000,2003,207.05,9
516,-123.37,130.35,8000,2003,297.06,10
517,-216.86,409.53,8000,2003,36.02,7
518,392.32,228.90,3200,2002,388.14,10
519,-245.57,-390.66,4000,2000,306.70,10
520,259.77,109.36,16000,2001,246.81,9
521,-488.25,80.05,3200,2000,235.49,9
522,-273.19,315.29,3200,2003,86.09,8
523,-332.35,141.19,16000,2000,237.71,9
524,156.10,-86.11,16000,2001,76.04,8
525,335.05,-37.28,3200,2001,153.37,9
526,-39.35,339.35,4000,2002,114.49,8
527,262.87,-377.51,8000,2001,248.58,9
528,-419.20,-485.19,16000,2000,398.24,10
529,-462.59,-230.76,8000,2000,186.98,9
530,235.15,-470.99,3200,2001,338.08,10
531,400.16,-459.24,4000,2001,374.43,10
532,244.06,-232.43,8000,2001,102.97,8
533,32.65,-64.78,3200,2001,195.41,9
534,79.49,-408.69,8000,2001,307.03,10
535,178.35,426.36,3200,2002,129.53,9
536,122.21,-112.99,4000,2001,95.60,8
537,-303.57,-350.12,3200,2000,255.23,10
538,180.17,-269.32,3200,2001,140.39,9
539,392.82,-231.92,16000,2001,202.73,9
540,-285.20,-496.77,16000,2000,403.03,10
541,-353.86,403.39,16000,2003,102.82,8
542,157.52,147.45,8000,2002,285.03,10
543,484.20,-319.90,3200,2001,326.97,10
544,452.07,259.59,3200,2002,430.02,10
545,-166.17,-62.06,3200,2000,169.80,9
546,-321.69,-439.84,8000,2000,343.49,10
547,362.15,-243.42,8000,2001,183.21,9
548,168.47,436.75,4000,2002,121.46,8
549,-10.40,329.57,3200,2002,101.45,8
550,79.97,-455.63,3200,2001,349.55,10
551,199.34,-309.50,3200,2001,176.77,9
552,359.48,348.02,8000,2002,316.17,10
553,-212.82,332.22,4000,2003,76.58,8
554,-349.90,284.29,8000,2003,150.99,9
555,-395.67,-381.87,3200,2000,292.28,10
556,484.93,-203.56,3200,2001,278.31,10
557,-247.47,-341.41,16000,2000,259.21,10
558,170.02,327.06,16000,2002,146.88,9
559,-181.81,-183.35,3200,2000,173.86,9
560,-265.56,396.62,3200,2003,14.53,7
561,-346.08,95.96,16000,2000,192.97,9
562,476.80,-44.56,16000,2001,275.93,10
563,-52.88,242.62,3200,2002,197.42,9
564,-402.46,392.72,4000,2003,151.41,9
565,7.56,497.05,4000,2002,95.55,8
566,-144.49,481.98,16000,2003,135.44,9
567,-236.38,-265.49,16000,2000,194.36,9
568,-71.69,404.54,16000,2002,121.58,8
569,29.75,-277.27,8000,2001,234.97,9
570,-39.23,-42.83,16000,2001,270.46,10
571,-63.85,111.09,3200,2002,320.96,10
572,102.03,87.89,8000,2001,248.79,9
573,115.94,-464.99,16000,2001,346.17,10
574,-37.93,-367.44,3200,2001,344.99,10
575,-407.51,140.11,3200,2000,248.26,9
576,341.04,495.62,3200,2002,303.30,10
577,386.03,-240.76,16000,2001,201.40,9
578,-410.39,187.55,16000,2003,264.32,10
579,-379.76,-282.70,8000,2000,192.10,9
580,-32.47,178.07,4000,2002,247.28,9
581,211.43,-385.78,8000,2001,252.35,10
582,51.30,216.25,3200,2002,195.06,9
583,346.61,-167.82,3200,2001,135.45,9
584,384.54,294.25,16000,2002,354.71,10
585,315.20,386.74,4000,2002,266.63,10
586,242.90,227.78,4000,2002,266.47,10
587,152.59,113.81,3200,2001,255.18,10
588,296.79,203.42,4000,2002,322.90,10
589,345.53,323.66,3200,2002,308.53,10
590,-383.01,-208.81,4000,2000,123.15,8
591,345.63,-497.38,4000,2001,386.44,10
592,-314.64,53.92,8000,2000,151.49,9
593,-387.01,-99.46,4000,2000,54.66,7
594,-424.38,-214.92,4000,2000,149.91,9
595,-329.18,-399.72,8000,2000,303.22,10
596,406.13,343.18,16000,2002,362.87,10
597,137.05,-4.23,3200,2001,151.23,9
598,127.22,-207.44,8000,2001,115.24,8
599,-195.07,-361.92,8000,2000,298.84,10
600,-300.06,-244.92,4000,2000,151.89,9
601,273.02,-399.29,4000,2001,271.95,10
602,-39.69,-213.93,16000,2001,267.66,10
603,363.85,-100.94,4000,2001,151.79,9
604,99.57,-25.31,3200,2001,158.61,9
605,-370.46,145.51,3200,2000,245.00,9
606,46.25,51.63,3200,2001,250.88,10
607,190.73,-311.31,8000,2001,179.57,9
608,-50.98,315.91,4000,2002,138.70,9
609,410.73,-379.17,4000,2001,313.76,10
610,-303.91,-179.23,3200,2000,87.49,8
611,272.64,-406.21,16000,2001,278.64,10
612,-148.18,54.10,8000,2000,237.98,9
613,-15.08,-82.05,4000,2001,236.33,9
614,-481.44,-482.48,16000,2000,413.73,10
615,337.27,-352.94,3200,2001,250.94,10
616,256.26,193.31,8000,2002,300.31,10
617,18.44,-115.96,4000,2001,197.93,9
618,276.37,333.06,8000,2002,239.79,9
619,-173.13,243.79,4000,2003,173.29,9
620,-484.56,439.88,3200,2003,237.03,9
621,459.10,212.52,3200,2001,423.09,10
622,-496.54,-435.66,8000,2000,376.76,10
623,-166.11,49.26,3200,2000,221.17,9
624,-436.61,67.82,3200,2000,194.57,9
625,-232.42,-94.91,16000,2000,100.03,8
626,-382.73,-338.65,3200,2000,247.30,9
627,18.60,179.79,16000,2002,233.59,9
628,-391.39,-43.84,3200,2000,79.07,8
629,14.52,283.03,4000,2002,133.00,9
630,-458.72,298.47,4000,2003,230.42,9
631,388.80,257.57,8000,2002,372.32,10
632,330.11,261.03,8000,2002,318.13,10
633,-174.48,-405.08,3200,2000,346.64,10
634,-261.13,-341.68,4000,2000,255.32,10
635,-330.25,-74.11,3200,2000,22.52,7
636,-252.31,43.16,16000,2000,161.03,9
637,-481.07,-438.24,3200,2000,372.64,10
638,-325.78,-329.63,8000,2000,233.21,9
639,-337.43,184.89,16000,2003,230.39,9
640,394.71,226.17,3200,2002,391.54,10
641,66.73,114.97,4000,2001,289.63,10
642,451.27,-54.92,8000,2001,248.42,9
643,-99.85,270.60,8000,2003,198.13,9
644,-101.71,-490.53,4000,2000,456.59,10
645,464.25,-320.78,16000,2001,311.31,10
646,435.30,-73.10,4000,2001,227.85,9
647,-432.30,-54.16,4000,2000,108.48,8
648,379.88,120.06,3200,2001,302.11,10
649,-351.76,282.63,4000,2003,153.47,9
650,-300.38,177.34,16000,2003,226.59,9
651,-450.53,-255.93,3200,2000,198.39,9
652,156.90,-304.66,8000,2001,180.97,9
653,-474.65,95.48,16000,2000,238.93,9
654,-11.27,493.77,16000,2002,102.57,8
655,-389.57,458.02,8000,2003,150.66,9
656,-341.98,393.32,4000,2003,90.98,8
657,248.77,461.01,16000,2002,205.18,9
658,-98.72,340.90,4000,2003,162.97,9
659,-275.84,489.13,4000,2003,93.92,8
660,231.94,-311.25,16000,2001,178.53,9
661,465.88,-261.78,8000,2001,281.26,10
662,314.79,395.12,4000,2002,265.59,10
663,-391.21,420.48,16000,2003,141.77,9
664,-326.63,-90.79,16000,2000,8.16,7
665,-252.57,19.64,16000,2000,140.97,9
666,0.71,177.65,16000,2002,238.72,9
667,-319.11,-73.58,16000,2000,26.53,7
668,-193.10,327.71,3200,2003,91.57,8
669,-447.02,-448.13,3200,2000,369.81,10
670,81.68,283.81,16000,2002,131.44,9
671,287.73,249.69,8000,2002,287.70,10
672,-262.15,64.48,16000,2000,175.68,9
673,383.30,173.27,16000,2001,349.60,10
674,-375.76,346.64,4000,2003,134.97,9
675,-141.05,-405.93,16000,2000,363.81,10
676,51.68,94.78,4000,2001,281.01,10
677,137.73,275.67,16000,2002,161.70,9
678,184.80,-417.43,3200,2001,285.62,10
679,72.76,-364.46,16000,2001,271.57,10
680,-50.14,217.23,3200,2002,218.25,9
681,15.71,4.96,4000,2001,243.13,9
682,319.79,242.80,16000,2002,318.33,10
683,-481.01,126.10,3200,2000,267.65,10
684,-361.33,250.34,4000,2003,184.65,9
685,167.56,-390.72,4000,2001,261.69,10
686,216.09,160.97,8000,2001,294.44,10
687,-57.72,-201.30,16000,2001,281.60,10
688,94.89,483.50,16000,2002,85.17,8
689,75.20,56.26,8000,2001,236.02,9
690,107.39,-493.88,16000,2001,376.30,10
691,-76.62,21.83,4000,2000,281.86,10
692,489.06,-158.38,8000,2001,274.60,10
693,-380.78,-139.39,3200,2000,64.61,8
694,422.66,-0.72,4000,2001,245.97,9
695,72.73,-333.16,3200,2001,245.53,9
696,-183.12,382.93,8000,2003,69.81,8
697,155.81,-174.79,4000,2001,72.67,8
698,270.41,420.09,4000,2002,220.88,9
699,467.57,-4.70,8000,2001,282.97,10
700,-199.73,-397.32,8000,2000,328.77,10
701,-149.79,26.06,3200,2000,219.96,9
702,405.10,15.12,16000,2001,240.82,9
703,-297.21,134.34,4000,2000,233.54,9
704,-373.42,57.00,16000,2000,158.90,9
705,300.71,-370.26,16000,2001,251.62,10
706,84.12,-53.38,16000,2001,153.94,9
707,-471.50,-397.57,8000,2000,331.61,10
708,271.58,372.84,8000,2002,225.18,9
709,-1.85,340.41,3200,2002,87.65,8
710,280.99,-359.32,3200,2001,235.12,9
711,-430.06,-9.11,8000,2000,131.04,9
712,380.73,-104.01,3200,2001,167.75,9
713,-466.85,98.78,4000,2000,237.08,9
714,46.17,225.35,16000,2002,185.98,9
715,58.47,26.06,8000,2001,223.91,9
716,237.61,-389.82,4000,2001,257.29,10
717,299.68,-361.32,3200,2001,242.87,9
718,-313.05,410.26,4000,2003,63.00,8
719,-5.68,-91.59,4000,2001,225.20,9
720,-203.02,-310.60,4000,2000,250.16,10
721,-297.67,-240.65,16000,2000,148.27,9
722,133.73,-359.92,4000,2001,240.79,9
723,80.26,-326.77,16000,2001,235.96,9
724,-338.87,219.40,3200,2003,199.44,9
725,-200.99,-222.13,8000,2000,181.81,9
726,66.62,-484.52,4000,2001,381.34,10
727,-219.15,315.16,4000,2003,89.29,8
728,-402.48,-497.89,4000,2000,407.43,10
729,287.03,-3.57,3200,2001,148.25,9
730,-183.05,293.41,16000,2003,125.24,9
731,487.55,495.74,8000,2002,445.91,10
732,-350.96,129.47,4000,2000,226.75,9
733,206.52,-290.27,4000,2001,157.06,9
734,362.78,-129.14,8000,2001,147.25,9
735,244.39,169.87,4000,2001,304.71,10
736,-347.94,-263.51,3200,2000,167.71,9
737,169.92,17.34,4000,2001,157.58,9
738,-173.54,114.86,4000,2000,264.44,10
739,393.26,-98.11,16000,2001,181.15,9
740,368.47,218.83,3200,2002,372.37,10
741,-466.91,206.38,3200,2003,288.91,10
742,-42.95,355.42,8000,2002,108.20,8
743,-478.91,61.94,4000,2000,215.79,9
744,258.36,-75.28,16000,2001,72.22,8
745,-284.97,-330.89,4000,2000,239.13,9
746,449.58,-178.83,3200,2001,238.34,9
747,199.60,491.09,8000,2002,169.81,9
748,-235.21,-182.45,16000,2000,129.76,9
749,332.10,-289.19,4000,2001,194.48,9
750,395.83,-420.72,16000,2001,339.11,10
751,252.97,-387.63,3200,2001,256.89,10
752,105.85,69.42,3200,2001,230.67,9
753,-411.80,90.52,8000,2000,203.18,9
754,280.28,-151.12,3200,2001,67.06,8
755,343.23,63.91,3200,2001,235.06,9
756,76.05,13.49,8000,2001,202.66,9
757,45.36,-286.91,8000,2001,229.18,9
758,-468.00,-22.11,4000,2000,154.64,9
759,-366.49,-190.02,3200,2000,99.51,8
760,136.91,-294.19,3200,2001,178.95,9
761,359.13,458.78,3200,2002,313.05,10
762,287.73,64.63,4000,2001,210.83,9
763,71.75,152.83,16000,2002,259.41,10
764,417.72,-66.89,8000,2001,212.81,9
765,188.40,-223.66,16000,2001,94.19,8
766,128.19,352.39,4000,2002,98.13,8
767,389.15,-102.25,3200,2001,176.35,9
768,-358.79,-70.25,16000,2000,37.22,7
769,210.81,63.26,4000,2001,196.79,9
770,-8.79,-299.83,3200,2001,279.32,10
771,-149.10,-440.70,4000,2000,389.97,10
772,-177.04,347.03,8000,2003,90.25,8
773,364.44,-81.21,3200,2001,157.76,9
774,496.44,-163.50,8000,2001,282.45,10
775,-22.68,-475.10,4000,2001,416.51,10
776,22.12,153.09,4000,2002,259.67,10
777,-419.59,42.25,3200,2000,163.87,9
778,351.79,183.45,8000,2001,344.95,10
779,-398.95,-105.74,3200,2000,67.15,8
780,160.30,385.47,16000,2002,113.57,8
781,-74.64,-263.63,16000,2000,307.22,10
782,-350.80,59.33,16000,2000,156.93,9
783,-62.33,-76.22,8000,2000,270.86,10
784,-121.03,-79.78,3200,2000,212.06,9
785,253.38,397.54,3200,2002,204.14,9
786,-95.86,-80.34,8000,2000,237.12,9
787,407.28,0.07,3200,2001,233.62,9
788,308.18,-148.15,4000,2001,93.75,8
789,-361.17,-47.10,16000,2000,57.17,7
790,-467.26,-386.79,3200,2000,320.06,10
791,-373.19,38.57,16000,2000,141.10,9
792,-219.81,187.77,4000,2003,213.07,9
793,-219.41,-374.57,16000,2000,300.14,10
794,199.78,4.40,4000,2001,138.77,9
795,-44.52,-242.22,8000,2001,281.93,10
796,-263.93,161.91,3200,2003,236.95,9
797,169.76,69.20,8000,2001,207.79,9
798,145.69,-122.62,4000,2001,70.73,8
799,-194.92,16.20,16000,2000,177.81,9
800,-141.27,48.94,8000,2000,240.21,9
801,-202.15,175.75,3200,2003,228.10,9
802,-26.66,455.94,4000,2002,88.45,8
803,-291.82,-263.47,4000,2000,171.82,9
804,-133.22,436.31,16000,2003,123.85,8
805,445.61,-108.21,8000,2001,231.40,9
806,-78.03,127.86,16000,2002,310.88,10
807,-182.00,-202.38,4000,2000,183.95,9
808,214.09,443.31,16000,2002,167.48,9
809,-37.97,-251.60,4000,2001,279.73,10
810,162.88,107.12,16000,2001,246.30,9
811,476.93,404.97,3200,2002,427.28,10
812,329.56,-121.68,4000,2001,114.58,8
813,-130.05,86.49,3200,2000,272.86,10
814,-464.23,453.27,3200,2003,220.00,9
815,-294.01,398.88,8000,2003,42.86,7
816,133.99,-179.14,3200,2001,93.51,8
817,223.90,138.86,16000,2001,272.46,10
818,-116.99,-147.05,16000,2000,221.29,9
819,-80.50,314.98,8000,2002,161.95,9
820,472.19,-22.14,16000,2001,279.72,10
821,-426.18,-45.20,3200,2000,106.87,8
822,351.20,-215.65,8000,2001,158.57,9
823,84.52,154.30,3200,2002,259.35,10
824,54.37,190.07,3200,2002,221.28,9
825,-39.46,396.06,4000,2002,90.46,8
826,258.49,30.04,16000,2001,169.05,9
827,184.31,-246.05,4000,2001,116.85,8
828,407.75,136.96,16000,2001,331.75,10
829,-425.49,-443.54,3200,2000,359.28,10
830,-10.34,-471.35,8000,2001,406.45,10
831,11.93,-397.52,3200,2001,333.47,10
832,-60.83,453.68,16000,2002,118.38,8
833,244.73,38.20,4000,2001,174.13,9
834,136.78,-407.42,8000,2001,285.06,10
835,-17.89,53.11,8000,2001,298.88,10
836,-273.69,-188.40,3200,2000,109.05,8
837,-208.62,495.91,16000,2003,106.28,8
838,495.30,403.66,3200,2002,445.66,10
839,-447.83,478.17,3200,2003,212.19,9
840,424.02,-32.18,3200,2001,231.74,9
841,-226.27,479.75,3200,2003,84.96,8
842,-421.76,-81.08,3200,2000,90.65,8
843,-332.90,-336.34,8000,2000,239.82,9
844,410.27,300.44,4000,2002,377.22,10
845,-156.50,-217.45,16000,2000,213.49,9
846,172.78,8.86,8000,2001,148.63,9
847,32.11,300.24,8000,2002,112.44,8
848,145.38,295.54,8000,2002,150.18,9
849,-104.38,347.70,8000,2003,155.32,9
850,-297.69,271.72,4000,2003,135.07,9
851,-462.34,-454.55,4000,2000,380.87,10
852,475.48,-376.31,16000,2001,355.69,10
853,366.99,-209.20,8000,2001,169.29,9
854,-203.29,-298.93,16000,2000,240.10,9
855,319.00,44.56,8000,2001,205.89,9
856,394.40,-282.65,3200,2001,232.87,9
857,-218.60,249.46,4000,2003,152.58,9
858,164.32,-105.16,8000,2001,58.57,7
859,450.89,290.46,8000,2002,418.99,10
860,-284.36,492.77,16000,2003,99.93,8
861,448.21,-469.57,16000,2001,408.75,10
862,160.53,-494.09,8000,2001,364.80,10
863,291.77,372.90,4000,2002,245.09,9
864,-413.33,-330.39,3200,2000,247.46,9
865,-317.99,488.61,8000,2003,112.17,8
866,59.90,383.00,4000,2002,30.08,7
867,-53.35,-335.60,8000,2001,336.43,10
868,-366.36,328.72,4000,2003,134.70,9
869,116.16,279.61,8000,2002,147.50,9
870,446.39,495.25,8000,2002,405.48,10
871,-451.65,443.46,8000,2003,205.47,9
872,-304.25,103.98,8000,2000,202.48,9
873,-33.14,-104.25,8000,2001,250.45,10
874,-471.24,-17.57,4000,2000,159.69,9
875,291.73,164.44,4000,2001,307.49,10
876,-400.74,-275.66,8000,2000,191.72,9
877,124.14,170.99,4000,2002,251.57,10
878,398.47,304.62,8000,2002,364.72,10
879,67.65,-79.21,16000,2001,157.58,9
880,-472.72,-132.82,16000,2000,144.90,9
881,-20.31,-84.47,16000,2001,240.94,9
882,462.52,111.28,4000,2001,347.67,10
883,-48.74,-421.87,16000,2001,391.21,10
884,312.90,-393.11,4000,2001,277.27,10
885,-155.84,398.62,8000,2003,95.31,8
886,364.02,497.87,8000,2002,326.02,10
887,-233.12,122.01,16000,2000,240.04,9
888,334.15,20.48,3200,2001,194.31,9
889,-269.86,-411.87,8000,2000,321.50,10
890,-94.26,-384.59,4000,2000,373.78,10
891,76.60,95.10,16000,2001,267.51,10
892,190.92,57.62,3200,2001,192.68,9
893,-90.78,-491.12,3200,2000,462.72,10
894,23.27,321.78,3200,2002,93.34,8
895,-380.25,-334.07,3200,2000,242.31,9
896,-119.33,-470.05,3200,2000,430.04,10
897,365.93,-203.17,8000,2001,165.71,9
898,-477.83,-369.02,3200,2000,308.86,10
899,483.04,-138.88,16000,2001,267.50,10
900,-135.31,266.86,16000,2003,175.37,9
901,-386.47,-156.54,3200,2000,80.76,8
902,-222.11,-465.62,8000,2000,385.24,10
903,-446.47,-56.40,8000,2000,120.88,8
904,407.31,466.87,16000,2002,361.90,10
905,367.98,-413.38,8000,2001,318.70,10
906,227.26,-32.71,8000,2001,101.44,8
907,84.42,-166.78,4000,2001,135.33,9
908,-436.41,-144.61,3200,2000,114.56,8
909,-436.76,-161.57,16000,2000,122.94,8
910,-348.98,203.12,3200,2003,218.52,9
911,-145.78,316.65,8000,2003,133.44,9
912,-347.48,-405.46,8000,2000,309.30,10
913,8.43,-351.92,3200,2001,301.06,10
914,373.23,-444.61,4000,2001,348.80,10
915,-440.20,423.36,3200,2003,190.67,9
916,-87.69,150.63,8000,2002,294.66,10
917,294.76,-264.95,4000,2001,153.48,9
918,-25.95,-201.36,3200,2001,250.90,10
919,-215.68,-138.12,8000,2000,123.94,8
920,-44.30,12.91,16000,2001,298.28,10
921,-106.05,367.13,3200,2003,148.46,9
922,175.66,-480.36,3200,2001,349.17,10
923,491.75,28.08,16000,2001,319.94,10
924,251.44,-98.69,16000,2001,49.95,7
925,-22.00,-38.89,16000,2001,255.73,10
926,-208.83,373.41,4000,2003,49.22,7
927,71.64,168.18,3200,2002,244.11,9
928,-314.68,-357.77,16000,2000,261.86,10
929,-345.61,-73.46,4000,2000,26.56,7
930,-38.11,382.24,16000,2002,92.49,8
931,-27.49,-223.81,3200,2001,259.33,10
932,-200.22,451.85,3200,2003,73.74,8
933,-278.41,443.60,4000,2003,52.68,7
934,-208.52,195.04,3200,2003,207.90,9
935,-83.25,-326.96,8000,2000,339.41,10
936,-34.61,-35.79,8000,2001,268.59,10
937,-335.35,-464.15,3200,2000,367.64,10
938,-401.03,-278.83,16000,2000,194.79,9
939,-168.08,-124.44,8000,2000,166.71,9
940,426.75,337.45,8000,2002,384.21,10
941,-465.51,-190.04,4000,2000,162.65,9
942,-490.65,109.74,4000,2000,259.95,10
943,-496.14,331.32,4000,2003,254.03,10
944,26.45,-377.20,16000,2001,308.51,10
945,-49.66,39.55,8000,2000,313.81,10
946,335.35,-495.06,3200,2001,380.91,10
947,-406.24,-330.41,3200,2000,245.26,9
948,-479.65,-231.44,16000,2000,199.69,9
949,-410.84,100.48,4000,2000,212.03,9
950,84.52,27.22,8000,2001,207.37,9
951,462.11,61.71,4000,2001,314.44,10
952,115.90,71.06,8000,2001,227.54,9
953,-278.46,74.93,16000,2000,179.74,9
954,270.77,-398.62,16000,2001,270.83,10
955,-484.95,51.72,3200,2000,212.69,9
956,-67.64,-112.93,3200,2000,265.31,10
957,-186.12,-19.17,3200,2000,165.50,9
958,-268.75,1.17,16000,2000,116.62,8
959,-130.21,90.33,3200,2000,275.34,10
960,383.90,-325.15,8000,2001,255.08,10
961,-264.55,-363.04,3200,2000,275.03,10
962,396.97,252.86,8000,2002,381.70,10
963,-331.77,474.40,16000,2003,110.71,8
964,-229.20,245.17,16000,2003,154.91,9
965,-3.82,260.22,4000,2002,160.28,9
966,-238.90,-307.41,16000,2000,230.71,9
967,-469.04,6.47,4000,2000,171.08,9
968,470.42,237.72,16000,2001,450.25,10
969,-321.57,-392.48,4000,2000,296.16,10
970,486.92,491.41,3200,2002,444.49,10
971,-177.37,-273.13,3200,2000,235.03,9
972,-279.95,-376.16,4000,2000,284.53,10
973,188.54,-207.94,4000,2001,79.22,8
974,231.96,62.87,8000,2001,197.02,9
975,376.75,-440.96,16000,2001,347.16,10
976,73.26,-179.85,8000,2001,149.70,9
977,156.84,-148.89,3200,2001,60.74,7
978,-278.75,-178.47,4000,2000,97.97,8
979,-213.17,-0.04,4000,2000,153.40,9
980,442.74,-13.13,4000,2001,257.06,10
981,273.50,309.50,3200,2002,245.86,9
982,241.23,-470.44,16000,2001,337.94,10
983,-38.18,218.10,8000,2002,212.25,9
984,-343.20,-49.94,3200,2000,47.80,7
985,96.96,-173.20,16000,2001,125.11,9
986,297.34,400.07,8000,2002,247.89,9
987,-309.70,56.91,4000,2000,155.10,9
988,-410.26,278.15,3200,2003,199.51,9
989,226.90,-435.02,8000,2001,301.76,10
990,-28.42,-492.28,3200,2001,433.92,10
991,-292.33,281.22,3200,2003,124.32,8
992,-329.37,22.45,3200,2000,119.01,8
993,-242.58,484.26,4000,2003,86.17,8
994,136.28,-358.93,3200,2001,239.00,9
995,78.01,238.02,8000,2002,175.57,9
996,78.77,35.36,16000,2001,217.31,9
997,399.69,225.66,3200,2002,396.17,10
998,71.71,315.40,4000,2002,98.39,8
999,65.26,42.30,4000,2001,231.29,9
1000,-441.24,-486.12,4000,2000,404.51,10
1001,-460.86,-278.45,8000,2000,222.69,9
1002,329.01,-107.82,3200,2001,116.29,8
1003,148.45,149.60,3200,2002,279.71,10
1004,-314.01,-214.12,16000,2000,119.03,8
1005,-326.42,363.89,3200,2003,82.85,8
1006,-12.02,-57.34,8000,2001,240.01,9
1007,202.44,-157.65,16000,2001,27.52,7
1008,-26.20,414.06,3200,2002,75.95,8
1009,-476.68,-20.68,8000,2000,162.96,9
1010,137.82,38.07,8000,2001,188.35,9
1011,-239.97,77.21,4000,2000,196.80,9
1012,163.46,-93.78,16000,2001,65.52,8
1013,89.34,-445.33,4000,2001,336.44,10
1014,-0.52,-259.34,3200,2001,250.09,10
1015,50.69,-85.76,3200,2001,171.66,9
1016,-160.08,402.22,8000,2003,91.15,8
1017,164.51,104.65,4000,2001,243.54,9
1018,214.77,-421.54,4000,2001,288.07,10
1019,80.42,-398.22,16000,2001,297.26,10
1020,488.38,239.60,4000,2001,462.17,10
1021,-89.78,499.63,16000,2002,165.10,9
1022,-446.39,163.09,4000,2000,283.52,10
1023,-410.82,-247.57,4000,2000,170.18,9
1024,274.36,251.91,3200,2002,275.45,10
1025,245.42,-197.40,16000,2001,70.54,8
1026,80.36,142.52,16000,2002,270.52,10
1027,357.98,-192.97,3200,2001,154.32,9
1028,-22.06,-478.20,3200,2001,418.71,10
1029,-488.03,102.22,3200,2000,252.41,10
1030,-474.69,90.60,4000,2000,235.06,9
1031,76.72,-499.18,4000,2001,391.18,10
1032,205.35,-445.56,8000,2001,312.26,10
1033,-259.81,-356.38,4000,2000,269.82,10
1034,329.72,417.98,8000,2002,280.09,10
1035,159.90,163.39,4000,2002,271.29,10
1036,404.33,-256.24,8000,2001,225.15,9
1037,-449.03,-398.26,4000,2000,323.49,10
1038,302.26,79.68,4000,2001,230.10,9
1039,132.02,91.65,16000,2001,240.13,9
1040,63.55,116.96,3200,2001,292.97,10
1041,-265.31,-306.32,3200,2000,220.28,9
1042,405.45,399.03,3200,2002,355.96,10
1043,-260.69,-360.78,16000,2000,273.82,10
1044,325.60,468.94,3200,2002,281.85,10
1045,-336.20,128.84,4000,2000,225.39,9
1046,304.60,33.17,3200,2001,188.92,9
1047,-412.08,84.13,3200,2000,197.43,9
1048,178.27,-113.61,4000,2001,42.28,7
1049,-209.58,-481.59,16000,2000,404.19,10
1050,4.80,81.96,4000,2001,301.40,10
1051,-190.23,316.65,3200,2003,102.06,8
1052,-384.43,222.10,3200,2003,221.10,9
1053,475.81,461.41,3200,2002,429.04,10
1054,479.67,287.00,3200,2002,447.57,10
1055,401.50,450.80,4000,2002,354.01,10
1056,-13.27,255.39,16000,2002,168.14,9
1057,-184.28,343.31,4000,2003,86.72,8
1058,-253.56,21.58,16000,2000,142.02,9
1059,256.85,312.01,16000,2002,229.71,9
1060,358.89,-183.20,4000,2001,151.69,9
1061,77.90,126.57,8000,2002,286.12,10
1062,-9.42,242.14,16000,2002,179.19,9
1063,-197.71,217.95,16000,2003,188.31,9
1064,-246.78,197.62,3200,2003,200.95,9
1065,-326.91,99.12,3200,2000,195.72,9
1066,221.80,-414.15,4000,2001,280.74,10
1067,303.67,-98.43,8000,2001,94.80,8
1068,-30.32,148.02,16000,2002,275.17,10
1069,22.07,-95.14,3200,2001,197.28,9
1070,92.88,-236.24,16000,2001,160.06,9
1071,-254.35,341.66,3200,2003,56.95,7
1072,215.06,-167.76,4000,2001,34.29,7
1073,406.58,134.53,16000,2001,329.09,10
1074,-440.51,387.75,3200,2003,189.66,9
1075,499.41,-439.16,4000,2001,417.14,10
1076,390.13,282.63,4000,2002,363.93,10
1077,36.24,86.30,16000,2001,283.67,10
1078,-474.33,-444.02,4000,2000,375.36,10
1079,-463.33,78.05,16000,2000,218.19,9
1080,359.69,-329.06,8000,2001,242.94,9
1081,499.50,-83.41,16000,2001,288.29,10
1082,265.89,-368.35,4000,2001,240.20,9
1083,-225.58,-461.77,16000,2000,380.56,10
1084,0.90,-402.28,16000,2001,344.02,10
1085,-75.01,-402.87,16000,2001,396.26,10
1086,448.21,487.26,3200,2002,405.68,10
1087,57.28,23.51,8000,2001,222.94,9
1088,67.92,49.17,4000,2001,234.87,9
1089,-273.42,85.85,16000,2000,191.68,9
1090,-209.90,-54.47,8000,2000,129.55,9
1091,117.39,-54.97,4000,2001,125.73,9
1092,286.33,-289.08,3200,2001,170.93,9
1093,-212.50,-14.66,3200,2000,145.21,9
1094,-76.79,486.24,3200,2002,147.02,9
1095,-53.34,-88.77,16000,2001,272.62,10
1096,30.95,-140.56,16000,2001,184.77,9
1097,-102.13,416.72,4000,2003,150.14,9
1098,351.10,-15.36,16000,2001,179.76,9
1099,-139.70,211.22,4000,2003,217.95,9
1100,-52.44,-498.67,16000,2001,453.00,10
1101,205.76,118.71,4000,2001,252.38,10
1102,-119.46,-94.96,3200,2000,212.98,9
1103,-313.02,192.54,8000,2003,215.07,9
1104,-468.35,-384.25,8000,2000,318.21,10
1105,474.04,62.41,4000,2001,324.29,10
1106,-486.44,-406.63,16000,2000,346.25,10
1107,-459.66,-8.76,3200,2000,154.56,9
1108,90.63,-157.66,8000,2001,127.28,9
1109,190.10,202.64,16000,2002,251.49,10
1110,-124.60,-349.79,16000,2000,327.63,10
1111,6.25,355.97,3200,2002,70.35,8
1112,-417.88,-263.49,16000,2000,187.56,9
1113,368.92,-76.50,3200,2001,163.57,9
1114,-358.95,-44.86,3200,2000,58.07,7
1115,-100.58,-70.82,4000,2000,233.27,9
1116,-430.98,-57.26,4000,2000,106.08,8
1117,-401.94,-16.92,16000,2000,105.68,8
1118,-456.18,-426.28,8000,2000,352.22,10
1119,-25.78,263.81,16000,2002,165.68,9
1120,115.84,-360.78,8000,2001,248.23,9
1121,258.79,145.46,16000,2001,282.26,10
1122,20.45,227.59,8000,2002,186.03,9
1123,187.15,96.50,3200,2001,231.73,9
1124,46.39,237.56,8000,2002,173.77,9
1125,21.39,-363.03,4000,2001,300.68,10
1126,-441.21,-294.01,16000,2000,225.46,9
1127,189.57,-195.95,4000,2001,67.68,8
1128,311.58,-152.13,4000,2001,97.79,8
1129,-224.07,322.09,8000,2003,81.09,8
1130,-57.07,-62.07,4000,2000,277.51,10
1131,260.14,-303.28,8000,2001,175.56,9
1132,433.31,217.17,3200,2001,412.74,10
1133,-157.00,-95.68,4000,2000,175.43,9
1134,-323.82,450.71,8000,2003,89.47,8
1135,-35.49,-27.90,8000,2001,272.38,10
1136,-317.99,30.89,4000,2000,128.23,9
1137,-157.74,-279.54,3200,2000,253.01,10
1138,485.59,-467.96,8000,2001,429.87,10
1139,202.64,-192.03,16000,2001,59.97,7
1140,-316.50,250.90,4000,2003,161.43,9
1141,303.57,11.04,3200,2001,169.19,9
1142,-430.89,-55.65,8000,2000,106.60,8
1143,-437.76,287.35,3200,2003,217.21,9
1144,151.87,463.53,3200,2002,114.74,8
1145,479.05,-71.97,8000,2001,270.55,10
1146,-56.79,110.05,3200,2002,319.52,10
1147,-386.64,452.31,16000,2003,145.77,9
1148,-412.44,437.90,16000,2003,166.02,9
1149,-90.37,140.54,8000,2003,303.98,10
1150,53.79,324.04,16000,2002,87.35,8
1151,-364.13,127.62,4000,2000,226.37,9
1152,414.68,196.73,16000,2001,385.58,10
1153,-89.35,258.97,3200,2002,206.25,9
1154,-189.06,-89.16,3200,2000,143.57,9
1155,-338.05,-110.11,8000,2000,14.71,7
1156,-14.94,333.10,3200,2002,101.46,8
1157,-160.94,446.46,3200,2003,102.16,8
1158,-86.48,-465.97,3200,2000,443.83,10
1159,20.01,-56.34,8000,2001,210.24,9
1160,434.48,497.45,8000,2002,394.30,10
1161,-400.15,-366.67,3200,2000,278.51,10
1162,276.25,-452.00,4000,2001,324.25,10
1163,397.01,-41.35,8000,2001,203.47,9
1164,305.11,269.60,3200,2002,292.09,10
1165,176.75,431.55,16000,2002,128.65,9
1166,476.41,-83.39,3200,2001,265.58,10
1167,386.12,255.67,3200,2002,370.67,10
1168,248.13,-330.82,3200,2001,200.01,9
1169,48.05,189.19,8000,2002,222.11,9
1170,488.51,123.67,8000,2001,374.98,10
1171,-246.99,223.52,4000,2003,175.05,9
1172,-354.88,-0.23,4000,2000,98.87,8
1173,233.97,-103.22,16000,2001,35.40,7
1174,-418.22,-298.10,3200,2000,219.07,9
1175,340.43,378.64,4000,2002,292.56,10
1176,488.97,355.05,16000,2002,442.86,10
1177,470.61,241.17,3200,2001,453.20,10
1178,398.71,-10.70,16000,2001,220.47,9
1179,360.83,-462.65,3200,2001,359.80,10
1180,-233.38,-474.15,8000,2000,390.40,10
1181,169.86,-221.14,16000,2001,98.88,8
1182,-293.58,-76.02,4000,2000,43.93,7
1183,290.99,-342.05,16000,2001,221.79,9
1184,334.21,-260.27,16000,2001,173.63,9
1185,147.03,-419.83,16000,2001,294.45,10
1186,-108.59,-430.86,3200,2000,402.35,10
1187,52.39,-460.25,4000,2001,365.27,10
1188,-30.96,438.46,16000,2002,85.12,8
1189,54.87,299.29,16000,2002,112.13,8
1190,-170.11,-434.09,16000,2000,374.57,10
1191,228.59,235.77,4000,2002,250.62,10
1192,350.81,442.19,3200,2002,302.68,10
1193,-27.20,233.18,16000,2002,194.01,9
1194,-8.43,67.39,8000,2001,300.88,10
1195,212.24,-285.58,8000,2001,152.14,9
1196,311.56,105.83,8000,2001,257.83,10
1197,265.93,-341.79,4000,2001,214.31,9
1198,-38.54,127.25,8000,2002,297.44,10
1199,146.30,-317.88,8000,2001,197.00,9
1200,368.48,12.01,8000,2001,211.04,9
1201,-383.49,-259.40,16000,2000,170.70,9
1202,143.40,-408.60,16000,2001,284.44,10
1203,94.27,64.20,3200,2001,231.93,9
1204,203.10,-444.23,8000,2001,311.01,10
1205,-448.35,268.01,4000,2003,236.47,9
1206,-19.63,79.57,16000,2001,317.36,10
1207,478.23,-154.50,8000,2001,263.48,10
1208,15.84,306.96,3200,2002,109.69,8
1209,491.90,-46.74,16000,2001,289.60,10
1210,-232.75,-178.27,4000,2000,128.91,9
1211,108.51,-61.76,3200,2001,128.88,9
1212,185.54,-418.36,3200,2001,286.47,10
1213,204.76,175.92,4000,2002,281.86,10
1214,-42.85,-120.99,4000,2001,258.74,10
1215,276.94,-69.34,8000,2001,88.75,8
1216,-188.86,411.03,3200,2003,63.54,8
1217,-48.83,389.26,8000,2002,100.96,8
1218,249.42,-94.90,16000,2001,51.31,7
1219,174.92,-103.01,4000,2001,50.82,7
1220,282.53,164.24,3200,2001,305.15,10
1221,-97.85,-227.25,8000,2000,268.55,10
1222,-237.63,458.29,8000,2003,61.29,7
1223,-286.01,163.05,16000,2003,238.04,9
1224,229.81,-379.80,8000,2001,246.74,9
1225,-198.60,397.14,3200,2003,52.57,7
1226,141.00,-291.72,3200,2001,174.95,9
1227,60.18,159.45,4000,2002,252.06,10
1228,324.85,-91.13,16000,2001,117.18,8
1229,396.49,-416.21,8000,2001,335.65,10
1230,-78.61,366.33,16000,2002,135.96,9
1231,-231.98,-231.52,8000,2000,168.28,9
1232,52.90,30.85,8000,2001,231.24,9
1233,419.41,244.84,16000,2002,405.45,10
1234,461.84,-25.35,16000,2001,268.95,10
1235,-116.72,276.05,16000,2003,181.86,9
1236,-264.61,-82.95,16000,2000,69.17,8
1237,498.53,477.23,3200,2002,453.64,10
1238,150.92,302.08,8000,2002,148.91,9
1239,208.42,198.57,8000,2002,265.41,10
1240,-337.09,-380.04,8000,2000,283.55,10
1241,-218.35,-112.01,4000,2000,115.13,8
1242,173.14,440.88,16000,2002,126.93,9
1243,-477.08,360.30,3200,2003,229.14,9
1244,-464.25,322.14,8000,2003,226.37,9
1245,-331.22,-294.58,16000,2000,198.06,9
1246,-301.05,-59.19,8000,2000,48.77,7
1247,-62.61,-60.66,8000,2000,272.20,10
1248,-164.71,-409.74,16000,2000,355.30,10
1249,142.06,298.68,3200,2002,145.64,9
1250,-467.37,461.60,16000,2003,225.23,9
1251,-210.48,-256.76,8000,2000,201.37,9
1252,314.89,416.38,8000,2002,265.24,10
1253,371.11,439.29,8000,2002,322.63,10
1254,172.18,475.04,16000,2002,138.07,9
1255,447.89,-356.18,8000,2001,321.82,10
1256,499.66,-157.24,4000,2001,285.06,10
1257,-31.52,280.15,16000,2002,154.26,9
1258,414.52,-384.56,8000,2001,320.34,10
1259,-337.35,257.50,16000,2003,165.28,9
1260,-390.66,290.12,16000,2003,176.66,9
1261,-323.99,-420.36,8000,2000,323.95,10
1262,130.65,394.53,16000,2002,82.67,8
1263,-473.81,265.65,16000,2003,259.29,10
1264,-217.98,-62.18,16000,2000,119.49,8
1265,-140.02,-114.28,16000,2000,193.24,9
1266,143.38,-114.62,4000,2001,74.63,8
1267,-132.42,353.85,8000,2003,126.86,9
1268,31.12,268.38,8000,2002,144.12,9
1269,284.93,431.02,16000,2002,236.05,9
1270,337.42,-459.63,16000,2001,348.17,10
1271,351.50,-283.63,16000,2001,202.53,9
1272,-391.17,347.03,3200,2003,149.18,9
1273,-217.47,373.22,3200,2003,42.13,7
1274,-104.47,-344.77,16000,2000,337.04,10
1275,-16.43,15.22,4000,2001,275.58,10
1276,215.42,-341.41,3200,2001,207.94,9
1277,-209.96,26.17,3200,2000,173.36,9
1278,144.81,-442.70,4000,2001,317.23,10
1279,-384.98,342.23,4000,2003,145.18,9
1280,-157.27,179.64,4000,2003,238.17,9
1281,-139.43,31.14,3200,2000,231.41,9
1282,-41.95,139.97,4000,2002,286.39,10
1283,-49.94,422.50,8000,2002,100.27,8
1284,-292.29,-181.97,4000,2000,94.41,8
1285,-96.81,301.60,16000,2003,182.25,9
1286,484.39,17.03,8000,2001,308.06,10
1287,450.96,307.07,3200,2002,414.57,10
1288,271.39,-48.12,3200,2001,101.97,8
1289,-139.81,66.90,3200,2000,252.61,10
1290,380.02,409.64,8000,2002,330.32,10
1291,-59.78,-229.79,3200,2001,291.73,10
1292,-283.21,228.26,4000,2003,173.25,9
1293,340.39,-321.69,4000,2001,225.83,9
1294,-162.79,-113.97,3200,2000,170.54,9
1295,489.26,289.22,4000,2002,456.19,10
1296,-343.47,273.60,16000,2003,155.33,9
1297,-17.62,224.56,3200,2002,198.50,9
1298,-165.58,-4.05,8000,2000,190.76,9
1299,-256.26,356.14,3200,2003,42.68,7
1300,495.30,236.16,3200,2001,463.54,10
1301,-73.50,-323.62,16000,2000,344.41,10
1302,-111.16,-106.83,3200,2000,221.51,9
1303,491.15,-266.44,16000,2001,305.97,10
1304,15.97,70.76,8000,2001,285.59,10
1305,-141.17,60.02,16000,2000,247.16,9
1306,-496.72,216.55,16000,2003,305.64,10
1307,-335.24,-301.07,4000,2000,204.57,9
1308,-366.69,33.35,16000,2000,134.31,9
1309,53.74,277.09,16000,2002,134.27,9
1310,41.07,272.39,3200,2002,139.17,9
1311,-61.96,-301.11,16000,2001,324.24,10
1312,105.22,87.72,8000,2001,247.20,9
1313,0.66,78.88,4000,2001,302.14,10
1314,74.41,-405.15,16000,2001,306.17,10
1315,-465.82,-46.33,3200,2000,142.51,9
1316,-216.83,-43.05,8000,2000,127.38,9
1317,-194.23,121.72,4000,2000,258.32,10
1318,-447.07,255.03,16000,2003,242.84,9
1319,-203.97,-191.22,3200,2000,159.60,9
1320,-104.72,349.85,3200,2003,154.31,9
1321,-269.31,-212.10,3200,2000,131.70,9
1322,-257.52,393.12,4000,2003,8.35,7
1323,147.43,-106.22,16000,2001,73.40,8
1324,-214.05,468.18,16000,2003,78.93,8
1325,-4.78,-497.63,4000,2001,425.64,10
1326,-235.48,-214.46,16000,2000,152.68,9
1327,250.37,91.31,3200,2001,227.46,9
1328,-64.84,144.24,4000,2002,290.59,10
1329,153.29,440.27,3200,2002,107.56,8
1330,148.51,-164.45,4000,2001,73.89,8
1331,-83.87,66.24,3200,2000,297.11,10
1332,-117.37,308.72,3200,2003,161.13,9
1333,436.86,-43.85,16000,2001,238.73,9
1334,-430.04,242.10,16000,2003,237.63,9
1335,-202.09,-262.68,16000,2000,211.18,9
1336,479.54,1.85,4000,2001,296.61,10
1337,-381.88,-247.78,16000,2000,159.14,9
1338,378.42,187.38,4000,2001,359.80,10
1339,-106.25,-159.34,4000,2000,234.74,9
1340,-282.14,489.17,16000,2003,95.80,8
1341,391.82,-94.70,4000,2001,180.44,9
1342,353.67,287.93,8000,2002,328.05,10
1343,208.64,224.78,3200,2002,245.05,9
1344,457.39,294.74,4000,2002,424.03,10
1345,-325.67,-407.34,3200,2000,310.90,10
1346,-106.37,-427.81,8000,2000,401.07,10
1347,398.48,-309.69,4000,2001,253.97,10
1348,494.64,-431.27,8000,2001,408.11,10
1349,235.03,-37.52,4000,2001,97.90,8
1350,-84.30,180.34,4000,2002,267.02,10
1351,-68.08,72.15,16000,2000,313.58,10
1352,-485.62,-74.17,3200,2000,154.81,9
1353,-94.44,-365.53,4000,2000,359.17,10
1354,-247.12,-408.14,8000,2000,323.08,10
1355,342.31,-233.81,8000,2001,161.63,9
1356,169.06,159.83,8000,2002,278.36,10
1357,497.65,58.30,4000,2001,341.08,10
1358,78.47,52.94,4000,2001,231.41,9
1359,346.66,-212.03,16000,2001,152.81,9
1360,-44.48,203.67,3200,2002,227.99,9
1361,-446.45,-364.41,8000,2000,291.15,10
1362,-443.12,-350.04,3200,2000,276.62,10
1363,348.14,55.52,16000,2001,230.84,9
1364,-135.81,308.40,16000,2003,146.38,9
1365,174.98,150.72,8000,2001,287.08,10
1366,-421.57,-180.22,16000,2000,122.28,8
1367,54.07,-182.57,4000,2001,168.82,9
1368,-279.98,395.90,16000,2003,28.94,7
1369,454.70,242.56,8000,2002,438.75,10
1370,-348.14,-301.92,16000,2000,206.00,9
1371,-470.64,-248.37,8000,2000,205.32,9
1372,-20.99,-191.48,8000,2001,243.58,9
1373,-145.51,-343.34,3200,2000,309.61,10
1374,-135.56,20.85,3200,2000,229.21,9
1375,-33.75,-304.17,8000,2001,302.17,10
1376,334.26,-225.74,3200,2001,150.32,9
1377,362.09,328.33,16000,2002,323.22,10
1378,-51.77,-451.65,3200,2001,415.60,10
1379,87.30,-496.95,4000,2001,385.45,10
1380,-485.65,-345.08,3200,2000,291.99,10
1381,-354.94,-315.72,16000,2000,220.35,9
1382,-88.63,163.30,8000,2002,283.98,10
1383,327.63,-482.21,4000,2001,366.30,10
1384,299.41,-117.77,16000,2001,85.28,8
1385,79.60,348.48,8000,2002,69.57,8
1386,-489.50,182.74,4000,2000,320.40,10
1387,261.18,44.83,8000,2001,184.04,9
1388,329.29,493.06,8000,2002,291.30,10
1389,293.31,80.37,8000,2001,227.52,9
1390,-0.12,94.72,4000,2001,314.01,10
1391,-95.46,239.78,3200,2003,222.35,9
1392,60.83,-348.85,8000,2001,265.21,10
1393,-474.36,478.78,4000,2003,237.19,9
1394,147.11,278.19,3200,2002,164.94,9
1395,289.44,-142.21,4000,2001,74.36,8
1396,-372.41,-131.70,8000,2000,53.25,7
1397,240.00,-370.52,3200,2001,238.30,9
1398,-319.26,458.78,3200,2003,90.93,8
1399,169.83,252.08,4000,2002,199.45,9
1400,-338.03,-248.04,16000,2000,151.62,9
1401,309.03,156.50,3200,2001,304.66,10
1402,140.37,-282.67,16000,2001,167.08,9
1403,-364.99,-257.03,16000,2000,163.78,9
1404,147.43,390.09,3200,2002,100.00,8
1405,42.08,179.52,16000,2002,231.90,9
1406,-214.79,307.11,4000,2003,98.38,8
1407,211.09,47.12,4000,2001,180.65,9
1408,181.80,227.86,4000,2002,226.05,9
1409,145.57,-102.30,8000,2001,76.64,8
1410,-310.29,59.67,4000,2000,157.75,9
1411,-171.43,-131.29,8000,2000,164.72,9
1412,-292.78,-490.92,8000,2000,396.39,10
1413,-262.99,-355.92,4000,2000,268.53,10
1414,-254.42,291.51,4000,2003,107.06,8
1415,-467.65,-166.41,8000,2000,152.21,9
1416,-323.09,118.81,16000,2000,215.53,9
1417,189.77,-170.11,4000,2001,44.82,7
1418,-167.89,-488.31,8000,2000,424.94,10
1419,433.22,157.26,3200,2001,363.17,10
1420,-213.58,346.98,8000,2003,63.78,8
1421,391.57,-324.45,4000,2001,259.70,10
1422,-346.77,-117.23,4000,2000,25.19,7
1423,132.21,119.78,3200,2001,266.62,10
1424,-145.83,365.36,4000,2003,110.43,8
1425,466.22,397.71,3200,2002,416.74,10
1426,-242.21,-425.38,4000,2000,341.01,10
1427,-143.53,264.39,3200,2003,171.97,9
1428,-497.73,-403.50,3200,2000,348.66,10
1429,-124.06,-470.28,4000,2000,427.92,10
1430,-352.70,-183.87,8000,2000,89.67,8
1431,-21.67,-292.30,4000,2001,285.51,10
1432,-321.93,-139.07,16000,2000,43.83,7
1433,386.89,493.15,4000,2002,346.98,10
1434,239.79,-152.68,8000,2001,30.89,7
1435,-115.80,-186.46,8000,2000,234.56,9
1436,-137.80,71.33,8000,2000,257.02,10
1437,459.02,427.80,16000,2002,409.65,10
1438,385.72,430.07,8000,2002,336.55,10
1439,324.12,-193.99,8000,2001,124.26,8
1440,-80.21,-46.69,4000,2000,257.09,10
1441,362.43,431.64,3200,2002,313.38,10
1442,-19.38,-390.29,16000,2001,348.09,10
1443,-18.43,496.60,16000,2002,109.17,8
1444,-397.69,236.38,4000,2003,218.54,9
1445,88.40,-379.42,3200,2001,276.89,10
1446,472.21,-17.22,8000,2001,281.72,10
1447,-69.37,-58.20,8000,2000,265.84,10
1448,153.45,-172.48,8000,2001,73.37,8
1449,472.75,-348.35,4000,2001,335.12,10
1450,-178.22,71.43,16000,2000,228.01,9
1451,486.94,-66.14,16000,2001,279.58,10
1452,359.80,414.47,16000,2002,310.12,10
1453,-406.40,-103.95,16000,2000,74.34,8
1454,-179.46,-1.65,3200,2000,180.00,9
1455,394.80,-413.25,3200,2001,332.25,10
1456,282.60,-441.04,8000,2001,314.78,10
1457,-258.27,-10.41,3200,2000,113.64,8
1458,128.65,-356.97,16000,2001,239.81,9
1459,445.65,-384.21,8000,2001,340.29,10
1460,68.66,-62.43,3200,2001,163.20,9
1461,144.98,-75.49,8000,2001,91.36,8
1462,152.94,-215.69,8000,2001,103.37,8
1463,270.61,-122.09,4000,2001,56.19,7
1464,384.88,198.44,16000,2001,372.59,10
1465,235.52,93.24,8000,2001,227.59,9
1466,206.75,-124.16,8000,2001,12.84,7
1467,-339.24,117.56,3200,2000,214.19,9
1468,-443.42,-253.78,3200,2000,192.48,9
1469,-220.09,-308.13,16000,2000,239.58,9
1470,154.90,260.54,4000,2002,183.84,9
1471,101.32,-94.48,3200,2001,120.74,8
1472,481.59,-441.54,16000,2001,407.02,10
1473,-223.66,329.07,4000,2003,74.69,8
1474,467.14,213.95,8000,2001,428.93,10
1475,-343.72,-50.53,3200,2000,47.36,7
1476,-67.82,-343.78,8000,2001,352.92,10
1477,267.03,-183.01,3200,2001,71.42,8
1478,91.48,-126.44,16000,2001,124.31,8
1479,58.95,153.48,8000,2002,257.99,10
1480,142.22,-191.63,16000,2001,93.62,8
1481,-336.94,409.69,8000,2003,86.51,8
1482,-391.60,391.29,4000,2003,140.63,9
1483,-161.95,-332.37,8000,2000,291.02,10
1484,445.61,-365.24,16000,2001,326.53,10
1485,-248.39,-208.95,4000,2000,140.37,9
1486,-349.15,223.22,4000,2003,200.83,9
1487,-74.08,-9.74,16000,2000,272.54,10
1488,-181.44,-418.27,8000,2000,355.42,10
1489,-42.58,140.69,16000,2002,285.91,10
1490,288.15,-217.09,8000,2001,110.71,8
1491,379.41,-54.03,8000,2001,182.07,9
1492,-123.81,54.37,16000,2000,257.47,10
1493,431.44,392.42,8000,2002,382.20,10
1494,-184.25,338.03,8000,2003,90.20,8
1495,-85.98,-410.36,3200,2000,399.04,10
1496,461.75,-259.51,8000,2001,276.56,10
1497,165.72,166.41,3200,2002,270.98,10
1498,186.66,484.98,16000,2002,155.52,9
1499,-418.83,-57.60,4000,2000,94.76,8
1500,-370.85,-269.46,3200,2000,177.15,9
1501,-14.50,-390.05,8000,2001,344.63,10
1502,251.55,-13.85,3200,2001,124.91,8
1503,408.89,-82.41,3200,2001,199.93,9
1504,-266.15,233.34,4000,2003,165.86,9
1505,193.57,-352.64,3200,2001,220.28,9
1506,-55.66,-390.89,16000,2001,373.95,10
1507,418.34,274.83,4000,2002,393.09,10
1508,382.60,-38.51,4000,2001,192.11,9
1509,428.58,42.65,16000,2001,276.38,10
1510,115.26,171.80,8000,2002,248.31,9
1511,84.85,-342.69,8000,2001,246.71,9
1512,-499.59,408.86,3200,2003,248.65,9
1513,470.34,317.75,8000,2002,430.91,10
1514,332.68,-448.41,16000,2001,336.00,10
1515,33.06,245.16,16000,2002,166.96,9
1516,-176.92,-310.49,8000,2000,264.51,10
1517,-146.42,-392.15,16000,2000,349.28,10
1518,-449.50,490.45,4000,2003,218.61,9
1519,232.40,419.03,16000,2002,182.86,9
1520,356.69,34.29,3200,2001,219.21,9
1521,-288.48,-380.85,3200,2000,287.71,10
1522,176.31,-380.44,3200,2001,250.07,10
1523,127.25,-410.11,4000,2001,290.40,10
1524,495.77,422.58,4000,2002,446.21,10
1525,-402.37,-44.36,8000,2000,87.25,8
1526,-153.15,278.72,4000,2003,154.78,9
1527,205.17,-367.70,3200,2001,234.45,9
1528,338.33,-317.19,3200,2001,220.95,9
1529,-67.04,415.20,4000,2002,116.80,8
1530,70.26,271.89,16000,2002,140.92,9
1531,-120.65,483.41,8000,2003,155.69,9
1532,-154.25,159.72,8000,2003,257.72,10
1533,-278.99,-213.04,4000,2000,128.19,9
1534,414.02,-217.27,8000,2001,215.40,9
1535,158.62,-119.64,3200,2001,58.63,7
1536,-351.62,227.21,4000,2003,198.59,9
1537,327.66,-67.62,3200,2001,129.98,9
1538,114.78,-229.29,16000,2001,139.08,9
1539,-107.65,203.67,3200,2003,241.99,9
1540,-411.05,-226.07,4000,2000,151.54,9
1541,-180.15,153.28,4000,2003,255.31,10
1542,169.89,499.03,8000,2002,148.80,9
1543,-360.51,-279.95,4000,2000,185.57,9
1544,198.98,-365.93,3200,2001,233.05,9
1545,-318.94,292.69,8000,2003,125.68,9
1546,-381.23,441.07,16000,2003,136.86,9
1547,335.20,268.73,8000,2002,319.12,10
1548,183.94,-116.49,4000,2001,35.92,7
1549,215.49,275.86,8000,2002,214.08,9
1550,162.24,364.81,4000,2002,121.76,8
1551,-119.12,-315.34,8000,2000,305.59,10
1552,-417.08,354.55,8000,2003,171.65,9
1553,-55.32,494.04,4000,2002,133.70,9
1554,-406.59,193.02,4000,2003,257.66,10
1555,-475.13,374.07,4000,2003,225.30,9
1556,-163.31,492.84,8000,2003,128.90,9
1557,-124.28,328.05,16000,2003,145.14,9
1558,347.14,11.99,4000,2001,196.13,9
1559,89.26,-272.52,8000,2001,187.86,9
1560,-464.95,389.72,8000,2003,213.97,9
1561,254.77,-229.40,8000,2001,103.63,8
1562,-372.22,-146.48,8000,2000,63.87,8
1563,-0.19,298.20,8000,2002,123.61,8
1564,-408.11,391.61,3200,2003,157.10,9
1565,318.04,416.48,3200,2002,268.39,10
1566,-163.12,-246.83,3200,2000,226.41,9
1567,296.79,128.89,4000,2001,274.64,10
1568,-474.56,-23.97,16000,2000,159.58,9
1569,137.59,-434.71,8000,2001,311.17,10
1570,-474.39,-399.66,8000,2000,334.73,10
1571,-221.55,355.12,4000,2003,52.54,7
1572,215.94,482.89,3200,2002,181.00,9
1573,-492.02,-17.30,4000,2000,178.17,9
1574,-205.94,74.60,4000,2000,212.79,9
1575,-226.85,-107.36,4000,2000,106.14,8
1576,-373.68,229.52,3200,2003,208.74,9
1577,472.33,26.31,8000,2001,302.40,10
1578,146.39,51.75,3200,2001,197.73,9
1579,332.44,-310.66,3200,2001,212.25,9
1580,-254.03,-285.05,16000,2000,204.18,9
1581,49.22,-6.60,3200,2001,209.22,9
1582,-376.93,-290.66,3200,2000,199.17,9
1583,-449.56,-282.68,8000,2000,219.94,9
1584,276.01,11.37,3200,2001,156.94,9
1585,-106.82,284.53,8000,2003,183.92,9
1586,426.83,410.84,16000,2002,377.12,10
1587,213.64,383.17,4000,2002,166.33,9
1588,-370.65,29.56,16000,2000,131.74,9
1589,-478.92,-138.01,8000,2000,152.24,9
1590,478.11,107.96,4000,2001,356.66,10
1591,-464.52,-342.81,16000,2000,279.48,10
1592,447.97,-219.74,8000,2001,247.88,9
1593,343.36,-169.30,8000,2001,132.70,9
1594,-278.55,-393.29,3200,2000,301.62,10
1595,-325.87,-0.12,3200,2000,96.63,8
1596,19.45,-73.29,4000,2001,205.16,9
1597,94.29,-359.65,4000,2001,256.65,10
1598,-304.56,-230.30,16000,2000,136.66,9
1599,-151.66,-209.22,8000,2000,213.03,9
1600,190.58,-231.11,16000,2001,100.79,8
1601,-252.23,-195.63,16000,2000,127.49,9
1602,-201.65,-247.65,4000,2000,199.87,9
1603,58.28,-404.30,3200,2001,313.19,10
1604,-464.47,-182.85,3200,2000,157.76,9
1605,-475.85,-8.72,8000,2000,168.16,9
1606,297.29,-489.26,3200,2001,365.05,10
1607,-18.72,105.03,16000,2002,313.82,10
1608,-451.56,300.47,8000,2003,223.10,9
1609,-354.84,-351.19,4000,2000,255.65,10
1610,103.87,339.39,3200,2002,90.03,8
1611,170.54,-412.85,16000,2001,282.98,10
1612,394.40,-114.49,8000,2001,179.81,9
1613,-101.48,443.79,8000,2002,154.64,9
1614,-266.66,479.32,3200,2003,82.27,8
1615,-325.14,-496.54,8000,2000,400.08,10
1616,116.27,300.76,8000,2002,129.04,9
1617,-15.61,-217.96,3200,2001,246.15,9
1618,-7.14,-169.52,4000,2001,225.63,9
1619,271.03,-24.37,3200,2001,122.38,8
1620,-160.03,-420.50,4000,2000,367.00,10
1621,-322.20,250.04,3200,2003,164.60,9
1622,-179.99,144.44,16000,2003,263.86,10
1623,214.56,-457.05,16000,2001,323.57,10
1624,-295.18,-223.71,16000,2000,132.53,9
1625,-487.77,-48.84,16000,2000,162.49,9
1626,-189.08,-432.57,3200,2000,365.35,10
1627,120.36,51.83,16000,2001,208.34,9
1628,34.82,-455.31,4000,2001,369.13,10
1629,-250.24,315.72,3200,2003,82.81,8
1630,-386.49,-344.31,16000,2000,253.62,10
1631,316.66,-166.51,3200,2001,106.33,8
1632,106.95,153.50,8000,2002,264.08,10
1633,282.75,-131.93,4000,2001,67.18,8
1634,402.35,72.89,3200,2001,278.32,10
1635,-498.74,85.11,16000,2000,246.27,9
1636,-396.37,396.04,8000,2003,145.23,9
1637,-493.24,16.39,3200,2000,196.49,9
1638,-308.07,-448.78,3200,2000,353.10,10
1639,207.57,-199.02,4000,2001,66.04,8
1640,198.85,-85.51,3200,2001,50.80,7
1641,269.62,-268.85,16000,2001,145.76,9
1642,90.43,338.10,3200,2002,83.77,8
1643,-444.32,120.85,16000,2000,244.48,9
1644,63.88,23.20,3200,2001,218.08,9
1645,-151.62,24.46,8000,2000,217.55,9
1646,84.03,128.09,8000,2002,285.28,10
1647,387.12,134.85,3200,2001,318.46,10
1648,242.03,326.78,3200,2002,210.08,9
1649,141.63,34.35,16000,2001,183.40,9
1650,-143.06,-266.80,4000,2000,254.68,10
1651,-272.05,-497.18,3200,2000,405.19,10
1652,-67.56,93.25,4000,2000,325.84,10
1653,-209.56,148.93,8000,2003,253.04,10
1654,16.50,-287.19,3200,2001,251.53,10
1655,-184.55,61.19,8000,2000,216.20,9
1656,199.51,-354.78,3200,2001,221.89,9
1657,479.61,-467.66,4000,2001,425.90,10
1658,276.10,274.36,8000,2002,264.59,10
1659,123.81,-84.01,3200,2001,104.26,8
1660,272.50,272.93,16000,2002,262.27,10
1661,-164.32,-499.12,16000,2000,436.29,10
1662,-369.99,-66.68,3200,2000,47.96,7
1663,262.44,223.76,8000,2002,283.60,10
1664,-484.28,-259.75,4000,2000,222.93,9
1665,292.20,55.70,16000,2001,204.10,9
1666,-406.86,-244.79,8000,2000,165.91,9
1667,-477.84,-265.19,8000,2000,222.69,9
1668,86.04,-489.09,16000,2001,378.48,10
1669,476.69,134.72,4000,2001,374.30,10
1670,401.70,-92.78,8000,2001,190.51,9
1671,-440.10,242.91,8000,2003,244.77,9
1672,-279.08,372.92,3200,2003,37.88,7
1673,475.19,135.37,8000,2001,373.72,10
1674,-121.62,151.09,4000,2003,279.29,10
1675,494.38,-56.71,8000,2001,289.16,10
1676,-328.43,36.43,4000,2000,133.01,9
1677,-6.02,58.59,3200,2001,293.26,10
1678,348.72,-355.37,3200,2001,258.77,10
1679,477.83,-378.68,8000,2001,359.03,10
1680,22.94,-476.98,3200,2001,393.85,10
1681,340.97,-417.08,4000,2001,310.09,10
1682,-340.11,-196.16,8000,2000,99.94,8
1683,412.12,-220.97,16000,2001,215.13,9
1684,-111.89,157.40,4000,2003,278.45,10
1685,-395.65,151.78,16000,2000,256.22,10
1686,-123.71,323.35,4000,2003,147.97,9
1687,403.44,-182.68,8000,2001,194.18,9
1688,165.39,-333.95,8000,2001,206.67,9
1689,-61.74,-356.12,4000,2001,355.64,10
1690,345.85,166.81,4000,2001,327.32,10
1691,160.67,7.79,4000,2001,151.56,9
1692,-281.61,167.67,3200,2003,232.85,9
1693,149.03,79.79,16000,2001,223.41,9
1694,215.05,467.90,3200,2002,174.76,9
1695,-67.85,-427.75,4000,2001,408.58,10
1696,92.54,-51.46,8000,2001,147.88,9
1697,-210.63,-148.02,4000,2000,132.24,9
1698,44.79,-482.63,3200,2001,388.69,10
1699,444.84,-44.37,3200,2001,245.96,9
1700,-33.80,-198.51,4000,2001,257.73,10
1701,-489.41,462.16,16000,2003,246.61,9
1702,137.89,-319.46,3200,2001,201.56,9
1703,69.03,329.58,8000,2002,83.97,8
1704,279.19,44.62,8000,2001,189.11,9
1705,146.76,476.77,8000,2002,117.08,8
1706,-333.89,69.31,3200,2000,165.84,9
1707,8.81,358.68,16000,2002,66.64,8
1708,-331.17,-96.53,8000,2000,1.26,7
1709,494.90,-151.69,4000,2001,279.90,10
1710,464.84,314.51,16000,2002,426.27,10
1711,101.60,325.10,3200,2002,100.62,8
1712,246.15,-37.02,16000,2001,101.18,8
1713,58.36,-467.99,3200,2001,369.63,10
1714,450.37,311.20,4000,2002,412.99,10
1715,-189.72,-42.04,4000,2000,152.76,9
1716,242.44,124.07,16000,2001,258.94,10
1717,123.14,-367.12,3200,2001,251.27,10
1718,355.82,-198.29,8000,2001,154.49,9
1719,-394.12,-203.40,4000,2000,123.40,8
1720,311.56,-238.56,8000,2001,142.32,9
1721,318.74,363.04,8000,2002,273.33,10
1722,288.07,109.19,3200,2001,253.25,10
1723,437.94,-332.45,3200,2001,298.38,10
1724,417.39,-382.08,4000,2001,320.20,10
1725,-58.53,-71.79,16000,2000,275.02,10
1726,442.32,-329.35,4000,2001,299.62,10
1727,-487.52,293.79,3200,2003,258.52,10
1728,441.32,149.62,16000,2001,362.07,10
1729,-226.36,255.49,8000,2003,145.16,9
1730,454.26,67.06,4000,2001,311.73,10
1731,-50.61,-114.20,4000,2001,266.90,10
1732,269.62,-326.14,16000,2001,200.10,9
1733,52.82,-388.20,8000,2001,302.29,10
1734,-131.96,-470.81,8000,2000,424.59,10
1735,494.45,-29.33,3200,2001,297.67,10
1736,-421.18,-87.02,16000,2000,89.25,8
1737,287.26,-74.54,3200,2001,92.79,8
1738,128.58,-133.21,4000,2001,87.01,8
1739,271.61,140.43,8000,2001,279.57,10
1740,-288.76,94.68,3200,2000,196.13,9
1741,412.31,-455.93,16000,2001,377.72,10
1742,-23.58,313.69,8000,2002,122.05,8
1743,149.72,-133.49,8000,2001,65.87,8
1744,490.57,234.55,4000,2001,459.41,10
1745,-50.66,229.00,3200,2002,208.10,9
1746,-163.68,307.82,8000,2003,126.01,9
1747,-106.06,95.08,3200,2000,296.58,10
1748,-254.64,-276.33,16000,2000,195.92,9
1749,246.40,495.27,3200,2002,213.87,9
1750,-497.07,-293.49,8000,2000,256.71,10
1751,326.51,-381.18,8000,2001,271.41,10
1752,-464.10,95.24,8000,2000,232.62,9
1753,-80.86,-255.04,4000,2000,297.35,10
1754,414.18,-264.47,8000,2001,237.91,9
1755,-61.57,184.87,16000,2002,252.29,10
1756,-66.67,-478.81,3200,2001,446.01,10
1757,341.22,-84.86,4000,2001,134.71,9
1758,174.57,160.50,4000,2002,280.17,10
1759,374.72,-93.11,4000,2001,164.17,9
1760,215.28,-90.18,3200,2001,43.29,7
1761,-349.47,-263.67,16000,2000,168.01,9
1762,129.86,-227.77,4000,2001,127.44,9
1763,422.88,191.37,3200,2001,385.34,10
1764,82.40,105.55,16000,2001,273.63,10
1765,476.48,-456.02,3200,2001,414.85,10
1766,-400.45,-22.69,3200,2000,100.38,8
1767,-469.55,-181.47,8000,2000,161.30,9
1768,56.42,493.10,3200,2002,82.08,8
1769,-193.93,367.82,8000,2003,64.94,8
1770,-449.02,83.10,4000,2000,214.14,9
1771,-497.59,233.64,3200,2003,296.51,10
1772,-427.34,-136.50,8000,2000,102.98,8
1773,238.16,-213.63,3200,2001,83.27,8
1774,148.61,368.78,4000,2002,107.66,8
1775,294.61,345.26,4000,2002,253.65,10
1776,125.47,444.81,16000,2002,82.85,8
1777,-22.47,475.26,8000,2002,96.43,8
1778,244.73,31.68,8000,2001,167.70,9
1779,172.43,337.75,8000,2002,143.08,9
1780,-492.99,388.73,3200,2003,242.03,9
1781,251.42,391.14,4000,2002,202.72,9
1782,232.16,463.80,3200,2002,189.86,9
1783,485.13,201.95,16000,2001,430.31,10
1784,429.47,-149.43,16000,2001,214.47,9
1785,-20.64,-354.83,3200,2001,323.73,10
1786,-426.78,270.65,3200,2003,217.24,9
1787,-355.60,-251.82,3200,2000,157.02,9
1788,34.10,492.91,8000,2002,83.09,8
1789,416.91,165.34,16000,2001,360.30,10
1790,-332.47,172.35,16000,2003,240.34,9
1791,-498.74,-76.23,16000,2000,167.54,9
1792,68.62,-344.06,3200,2001,256.81,10
1793,-0.52,-358.93,4000,2001,312.31,10
1794,216.71,-429.46,16000,2001,295.99,10
1795,302.71,49.89,16000,2001,203.01,9
1796,233.97,123.12,3200,2001,257.25,10
1797,110.04,267.52,16000,2002,155.93,9
1798,-38.63,-198.38,16000,2001,262.38,10
1799,344.38,-281.47,3200,2001,196.19,9
1800,-434.87,-113.94,4000,2000,103.91,8
1801,-325.39,-112.68,3200,2000,17.63,7
1802,-324.78,455.93,16000,2003,93.36,8
1803,-360.36,-44.59,16000,2000,58.96,7
1804,306.01,-327.88,8000,2001,214.41,9
1805,322.95,474.83,3200,2002,280.53,10
1806,485.06,208.80,8000,2001,435.62,10
1807,417.82,-181.15,16000,2001,207.77,9
1808,-401.24,280.21,4000,2003,191.11,9
1809,-227.39,124.59,3200,2000,244.80,9
1810,-388.20,189.72,16000,2003,249.75,9
1811,123.34,364.33,4000,2002,87.35,8
1812,58.66,-460.45,8000,2001,362.68,10
1813,149.91,-320.81,3200,2001,198.52,9
1814,382.23,485.20,16000,2002,340.64,10
1815,-314.92,308.14,16000,2003,110.60,8
1816,-462.17,293.20,3200,2003,235.83,9
1817,13.70,211.02,16000,2002,203.49,9
1818,257.09,309.78,3200,2002,230.90,9
1819,-197.91,-417.61,4000,2000,348.13,10
1820,-434.38,-305.81,16000,2000,232.80,9
1821,-284.79,317.54,16000,2003,87.69,8
1822,252.12,-123.81,16000,2001,37.79,7
1823,-255.04,-473.90,8000,2000,385.23,10
1824,-306.78,408.33,8000,2003,56.48,7
1825,-186.41,-406.59,16000,2000,342.73,10
1826,-91.21,-368.76,3200,2000,363.73,10
1827,-287.21,144.94,4000,2000,245.66,9
1828,-164.37,-97.97,8000,2000,168.08,9
1829,-261.30,204.12,8000,2003,194.66,9
1830,266.35,269.74,4000,2002,258.79,10
1831,483.72,484.95,4000,2002,440.23,10
1832,-434.58,237.07,3200,2003,244.35,9
1833,-313.32,482.04,3200,2003,104.11,8
1834,-12.88,-324.74,3200,2001,297.96,10
1835,272.77,-11.16,3200,2001,135.02,9
1836,366.56,397.63,16000,2002,317.15,10
1837,253.55,-389.58,4000,2001,258.91,10
1838,-148.44,-53.95,16000,2000,188.86,9
1839,259.35,184.75,3200,2002,308.67,10
1840,-250.47,-48.90,4000,2000,94.79,8
1841,433.90,-65.18,4000,2001,228.74,9
1842,-64.20,0.25,8000,2000,285.15,10
1843,-186.10,186.93,8000,2003,221.37,9
1844,-281.90,-325.95,8000,2000,234.93,9
1845,-469.37,446.82,3200,2003,223.50,9
1846,436.57,313.38,3200,2002,399.06,10
1847,473.75,66.93,3200,2001,326.82,10
1848,155.88,418.49,8000,2002,106.42,8
1849,240.04,177.84,16000,2002,301.21,10
1850,28.32,427.37,4000,2002,26.75,7
1851,-413.67,361.27,3200,2003,166.72,9
1852,129.31,-202.93,8000,2001,110.77,8
1853,409.35,110.96,16000,2001,311.92,10
1854,-328.56,329.06,8000,2003,104.00,8
1855,108.78,359.68,8000,2002,78.45,8
1856,34.97,296.25,16000,2002,115.99,8
1857,-141.22,270.00,4000,2003,169.12,9
1858,-206.98,-74.12,4000,2000,127.44,9
1859,173.31,-334.08,16000,2001,205.01,9
1860,238.35,194.24,16000,2002,287.58,10
1861,-245.52,280.57,16000,2003,118.08,8
1862,-294.55,-90.12,8000,2000,38.42,7
1863,156.65,-180.77,3200,2001,75.57,8
1864,294.79,-9.33,3200,2001,147.26,9
1865,-393.03,-400.55,4000,2000,310.01,10
1866,-134.03,134.42,8000,2003,288.91,10
1867,-61.65,493.20,16000,2002,138.23,9
1868,-422.33,-213.78,4000,2000,147.76,9
1869,135.47,459.52,3200,2002,98.40,8
1870,371.12,197.87,8000,2001,366.03,10
1871,-465.85,452.35,8000,2003,221.34,9
1872,-441.56,-342.20,4000,2000,268.82,10
1873,-120.20,314.45,3200,2003,155.62,9
1874,-187.88,109.24,8000,2000,251.46,10
1875,-426.50,216.21,4000,2003,252.95,10
1876,194.57,-417.82,16000,2001,285.13,10
1877,-388.12,20.53,16000,2000,129.62,9
1878,-200.80,98.20,8000,2000,235.04,9
1879,412.40,-266.33,8000,2001,237.46,9
1880,191.53,-395.21,16000,2001,262.84,10
1881,-335.11,-361.06,16000,2000,264.55,10
1882,-81.18,-302.62,8000,2000,324.97,10
1883,-417.36,77.18,16000,2000,193.35,9
1884,-434.32,389.30,4000,2003,183.39,9
1885,39.41,462.80,8000,2002,52.52,7
1886,-387.42,157.37,8000,2000,259.77,10
1887,-179.82,269.25,3200,2003,147.65,9
1888,20.98,-431.55,4000,2001,355.99,10
1889,-492.00,480.85,3200,2003,254.53,10
1890,-45.46,172.37,3200,2002,257.18,10
1891,98.95,337.26,16000,2002,88.92,8
1892,195.72,-243.92,8000,2001,112.22,8
1893,450.28,-161.28,3200,2001,236.34,9
1894,-480.70,-95.60,4000,2000,148.27,9
1895,197.56,443.81,4000,2002,151.39,9
1896,-407.97,-443.61,8000,2000,355.21,10
1897,68.67,-123.43,16000,2001,147.26,9
1898,65.85,397.55,16000,2002,21.21,7
1899,-338.78,405.55,16000,2003,87.91,8
1900,490.26,-139.92,3200,2001,274.74,10
1901,424.09,459.03,4000,2002,377.41,10
1902,496.86,154.75,3200,2001,402.72,10
1903,-232.99,105.03,8000,2000,224.75,9
1904,-385.66,124.34,4000,2000,227.18,9
1905,350.98,-178.10,4000,2001,142.55,9
1906,50.41,-86.07,4000,2001,171.84,9
1907,407.21,482.60,16000,2002,364.55,10
1908,-466.74,48.45,3200,2000,197.62,9
1909,-272.25,209.67,3200,2003,190.03,9
1910,-96.90,199.92,16000,2003,251.46,10
1911,-249.19,124.01,16000,2000,235.72,9
1912,435.79,120.87,3200,2001,336.42,10
1913,376.85,387.88,8000,2002,327.98,10
1914,-343.37,-497.78,16000,2000,401.41,10
1915,340.81,353.20,8000,2002,296.85,10
1916,-31.20,-96.39,3200,2001,249.56,9
1917,-346.82,-189.17,3200,2000,93.76,8
1918,-285.86,-155.91,8000,2000,75.48,8
1919,-327.36,71.84,16000,2000,168.44,9
1920,-463.30,474.93,4000,2003,225.49,9
1921,-239.17,-274.25,8000,2000,200.72,9
1922,-56.00,-338.47,3200,2001,340.27,10
1923,-218.08,-461.62,3200,2000,382.59,10
1924,224.88,-304.99,3200,2001,171.77,9
1925,292.17,-464.18,4000,2001,339.46,10
1926,-318.64,4.61,16000,2000,102.07,8
1927,484.49,157.80,8000,2001,396.41,10
1928,270.21,371.94,3200,2002,224.00,9
1929,-395.61,-455.42,8000,2000,364.42,10
1930,-351.77,-418.72,8000,2000,322.78,10
1931,392.00,-157.89,4000,2001,178.09,9
1932,-240.22,286.11,4000,2003,112.94,8
1933,-251.58,-431.97,3200,2000,345.06,10
1934,-375.05,292.91,3200,2003,162.80,9
1935,-496.30,85.07,3200,2000,244.60,9
1936,235.65,266.44,8000,2002,235.71,9
1937,371.21,250.92,16000,2002,359.29,10
1938,-182.40,21.14,16000,2000,190.67,9
1939,-391.92,125.52,16000,2000,229.87,9
1940,-29.60,273.75,16000,2002,158.77,9
1941,307.65,165.75,8000,2001,313.07,10
1942,-129.35,425.53,8000,2003,124.76,8
1943,-404.82,-326.05,8000,2000,240.67,9
1944,358.09,-201.10,16000,2001,157.73,9
1945,316.01,-197.40,4000,2001,119.04,8
1946,309.74,-461.75,8000,2001,341.52,10
1947,-191.91,409.46,16000,2003,60.25,7
1948,-35.76,-272.94,3200,2001,287.45,10
1949,-7.68,-164.86,8000,2001,225.46,9
1950,64.99,305.54,16000,2002,106.85,8
1951,218.93,113.19,3200,2001,246.69,9
1952,-285.02,483.84,3200,2003,91.79,8
1953,-2.86,-420.98,3200,2001,361.08,10
1954,347.33,437.11,16000,2002,298.75,10
1955,490.43,253.12,4000,2002,468.25,10
1956,218.60,62.86,4000,2001,196.36,9
1957,-286.80,370.95,8000,2003,45.06,7
1958,-41.27,-164.81,4000,2001,258.76,10
1959,-274.60,327.52,16000,2003,74.77,8
1960,117.59,-107.49,3200,2001,101.39,8
1961,283.53,-388.56,8000,2001,263.98,10
1962,115.23,-173.58,8000,2001,108.08,8
1963,-127.55,323.56,4000,2003,144.56,9
1964,-196.36,170.89,8000,2003,234.13,9
1965,33.72,161.32,16000,2002,250.49,10
1966,-433.59,-120.09,3200,2000,103.87,8
1967,137.34,93.12,4000,2001,239.72,9
1968,-382.27,-448.15,3200,2000,355.15,10
1969,325.18,-222.75,3200,2001,141.35,9
1970,367.77,394.83,16000,2002,318.49,10
1971,215.90,178.36,8000,2002,286.15,10
1972,-322.77,-206.42,4000,2000,110.32,8
1973,122.39,166.04,8000,2002,255.80,10
1974,-353.43,469.67,16000,2003,124.59,8
1975,107.86,3.40,3200,2001,174.18,9
1976,322.27,69.81,16000,2001,229.57,9
1977,99.53,-292.85,3200,2001,197.16,9
1978,-252.25,-175.13,3200,2000,112.29,8
1979,-268.83,-349.95,16000,2000,261.29,10
1980,-457.90,-482.18,3200,2000,405.56,10
1981,-254.47,233.72,4000,2003,164.83,9
1982,60.41,410.95,3200,2002,10.71,7
1983,-298.30,33.34,4000,2000,134.27,9
1984,166.55,179.91,4000,2002,259.22,10
1985,302.29,-212.23,16000,2001,117.13,8
1986,99.35,-389.96,4000,2001,281.60,10
1987,276.32,209.57,3200,2002,303.40,10
1988,46.41,457.32,16000,2002,46.14,7
1989,-131.65,-311.52,8000,2000,294.17,10
1990,-32.47,-269.42,8000,2001,282.87,10
1991,-38.46,-23.88,16000,2001,276.68,10
1992,-366.08,-463.48,16000,2000,368.50,10
1993,-400.13,-261.78,4000,2000,178.59,9
1994,231.86,404.77,16000,2002,182.28,9
1995,-166.47,207.06,4000,2003,209.36,9
1996,-61.40,-193.60,4000,2001,283.44,10
1997,-386.53,-417.28,8000,2000,325.29,10
1998,495.49,129.13,8000,2001,383.80,10
1999,-297.62,497.48,8000,2003,109.32,8
